Month,Tax,Receipts (£m),Calendar month,Financial year,Row type
2017-04-01,Total Paid Over,53962.0,April,2017/18,Total
2017-05-01,Total Paid Over,38761.0,May,2017/18,Total
2017-06-01,Total Paid Over,34572.0,June,2017/18,Total
2017-07-01,Total Paid Over,58981.0,July,2017/18,Total
2017-08-01,Total Paid Over,41243.0,August,2017/18,Total
2017-09-01,Total Paid Over,36384.0,September,2017/18,Total
2017-10-01,Total Paid Over,51981.0,October,2017/18,Total
2017-11-01,Total Paid Over,42019.0,November,2017/18,Total
2017-12-01,Total Paid Over,39149.0,December,2017/18,Total
2018-01-01,Total Paid Over,75495.0,January,2017/18,Total
2018-02-01,Total Paid Over,46205.0,February,2017/18,Total
2018-03-01,Total Paid Over,38925.0,March,2017/18,Total
2018-04-01,Total Paid Over,55734.0,April,2018/19,Total
2018-05-01,Total Paid Over,40689.0,May,2018/19,Total
2018-06-01,Total Paid Over,36057.0,June,2018/19,Total
2018-07-01,Total Paid Over,62884.0,July,2018/19,Total
2018-08-01,Total Paid Over,44390.0,August,2018/19,Total
2018-09-01,Total Paid Over,39231.0,September,2018/19,Total
2018-10-01,Total Paid Over,54012.0,October,2018/19,Total
2018-11-01,Total Paid Over,43861.0,November,2018/19,Total
2018-12-01,Total Paid Over,39952.0,December,2018/19,Total
2019-01-01,Total Paid Over,79677.0,January,2018/19,Total
2019-02-01,Total Paid Over,49697.0,February,2018/19,Total
2019-03-01,Total Paid Over,43495.0,March,2018/19,Total
2019-04-01,Total Paid Over,58431.0,April,2019/20,Total
2019-05-01,Total Paid Over,41635.0,May,2019/20,Total
2019-06-01,Total Paid Over,38930.0,June,2019/20,Total
2019-07-01,Total Paid Over,65830.0,July,2019/20,Total
2019-08-01,Total Paid Over,45349.0,August,2019/20,Total
2019-09-01,Total Paid Over,40589.0,September,2019/20,Total
2019-10-01,Total Paid Over,53727.0,October,2019/20,Total
2019-11-01,Total Paid Over,44316.0,November,2019/20,Total
2019-12-01,Total Paid Over,44150.0,December,2019/20,Total
2020-01-01,Total Paid Over,81573.0,January,2019/20,Total
2020-02-01,Total Paid Over,49324.0,February,2019/20,Total
2020-03-01,Total Paid Over,38300.0,March,2019/20,Total
2020-04-01,Total Paid Over,32745.0,April,2020/21,Total
2020-05-01,Total Paid Over,24274.0,May,2020/21,Total
2020-06-01,Total Paid Over,33426.0,June,2020/21,Total
2020-07-01,Total Paid Over,50792.0,July,2020/21,Total
2020-08-01,Total Paid Over,41980.0,August,2020/21,Total
2020-09-01,Total Paid Over,44652.0,September,2020/21,Total
2020-10-01,Total Paid Over,49603.0,October,2020/21,Total
2020-11-01,Total Paid Over,44864.0,November,2020/21,Total
2020-12-01,Total Paid Over,49444.0,December,2020/21,Total
2021-01-01,Total Paid Over,77217.0,January,2020/21,Total
2021-02-01,Total Paid Over,52204.0,February,2020/21,Total
2021-03-01,Total Paid Over,54813.0,March,2020/21,Total
2021-04-01,Total Paid Over,54081.0,April,2021/22,Total
2021-05-01,Total Paid Over,45779.0,May,2021/22,Total
2021-06-01,Total Paid Over,49539.0,June,2021/22,Total
2021-07-01,Total Paid Over,65087.0,July,2021/22,Total
2021-08-01,Total Paid Over,51121.0,August,2021/22,Total
2021-09-01,Total Paid Over,52076.0,September,2021/22,Total
2021-10-01,Total Paid Over,56384.0,October,2021/22,Total
2021-11-01,Total Paid Over,51725.0,November,2021/22,Total
2021-12-01,Total Paid Over,58240.0,December,2021/22,Total
2022-01-01,Total Paid Over,87028.0,January,2021/22,Total
2022-02-01,Total Paid Over,59496.0,February,2021/22,Total
2022-03-01,Total Paid Over,56581.0,March,2021/22,Total
2022-04-01,Total Paid Over,66361.0,April,2022/23,Total
2022-05-01,Total Paid Over,51667.0,May,2022/23,Total
2022-06-01,Total Paid Over,55253.0,June,2022/23,Total
2022-07-01,Total Paid Over,71372.0,July,2022/23,Total
2022-08-01,Total Paid Over,55499.0,August,2022/23,Total
2022-09-01,Total Paid Over,57520.0,September,2022/23,Total
2022-10-01,Total Paid Over,61936.0,October,2022/23,Total
2022-11-01,Total Paid Over,55536.0,November,2022/23,Total
2022-12-01,Total Paid Over,62435.0,December,2022/23,Total
2023-01-01,Total Paid Over,102849.0,January,2022/23,Total
2023-02-01,Total Paid Over,60510.0,February,2022/23,Total
2023-03-01,Total Paid Over,61391.0,March,2022/23,Total
2023-04-01,Total Paid Over,68310.0,April,2023/24,Total
2023-05-01,Total Paid Over,54837.0,May,2023/24,Total
2023-06-01,Total Paid Over,59010.0,June,2023/24,Total
2023-07-01,Total Paid Over,76736.0,July,2023/24,Total
2023-08-01,Total Paid Over,58607.0,August,2023/24,Total
2023-09-01,Total Paid Over,60144.0,September,2023/24,Total
2023-10-01,Total Paid Over,64232.0,October,2023/24,Total
2023-11-01,Total Paid Over,56940.0,November,2023/24,Total
2023-12-01,Total Paid Over,65838.0,December,2023/24,Total
2024-01-01,Total Paid Over,105243.0,January,2023/24,Total
2024-02-01,Total Paid Over,62273.0,February,2023/24,Total
2024-03-01,Total Paid Over,64181.0,March,2023/24,Total
2024-04-01,Total Paid Over,73649.0,April,2024/25,Total
2024-05-01,Total Paid Over,55815.0,May,2024/25,Total
2024-06-01,Total Paid Over,62259.0,June,2024/25,Total
2024-07-01,Total Paid Over,81248.0,July,2024/25,Total
2024-08-01,Total Paid Over,57993.0,August,2024/25,Total
2024-09-01,Total Paid Over,63533.0,September,2024/25,Total
2024-10-01,Total Paid Over,69907.0,October,2024/25,Total
2024-11-01,Total Paid Over,59755.0,November,2024/25,Total
2024-12-01,Total Paid Over,69368.0,December,2024/25,Total
2025-01-01,Total Paid Over,106405.0,January,2024/25,Total
2025-02-01,Total Paid Over,70956.0,February,2024/25,Total
2025-03-01,Total Paid Over,68699.0,March,2024/25,Total
2025-04-01,Total Paid Over,79125.0,April,2025/26,Total
2025-05-01,Total Paid Over,61181.0,May,2025/26,Total
2025-06-01,Total Paid Over,66239.0,June,2025/26,Total
2025-07-01,Total Paid Over,90812.0,July,2025/26,Total
2025-08-01,Total Paid Over,62028.0,August,2025/26,Total
2025-09-01,Total Paid Over,71246.0,September,2025/26,Total
2025-10-01,Total Paid Over,74787.0,October,2025/26,Total
2025-11-01,Total Paid Over,62444.0,November,2025/26,Total
2025-12-01,Total Paid Over,76978.0,December,2025/26,Total
2026-01-01,Total Paid Over,125510.0,January,2025/26,Total
2026-02-01,Total Paid Over,73507.0,February,2025/26,Total
2026-03-01,Total Paid Over,75254.0,March,2025/26,Total
2026-04-01,Total Paid Over,85368.0,April,2026/27,Total
2026-05-01,Total Paid Over,64461.0,May,2026/27,Total
2026-06-01,Total Paid Over,72629.0,June,2026/27,Total
2026-07-01,Total Paid Over,97476.0,July,2026/27,Total
2026-08-01,Total Paid Over,66216.0,August,2026/27,Total
2017-04-01,Total HMRC Receipts,56228.0,April,2017/18,Total
2017-05-01,Total HMRC Receipts,42703.0,May,2017/18,Total
2017-06-01,Total HMRC Receipts,37848.0,June,2017/18,Total
2017-07-01,Total HMRC Receipts,62167.0,July,2017/18,Total
2017-08-01,Total HMRC Receipts,44235.0,August,2017/18,Total
2017-09-01,Total HMRC Receipts,39285.0,September,2017/18,Total
2017-10-01,Total HMRC Receipts,54993.0,October,2017/18,Total
2017-11-01,Total HMRC Receipts,43997.0,November,2017/18,Total
2017-12-01,Total HMRC Receipts,41895.0,December,2017/18,Total
2018-01-01,Total HMRC Receipts,76392.0,January,2017/18,Total
2018-02-01,Total HMRC Receipts,51207.0,February,2017/18,Total
2018-03-01,Total HMRC Receipts,42374.0,March,2017/18,Total
2018-04-01,Total HMRC Receipts,57992.0,April,2018/19,Total
2018-05-01,Total HMRC Receipts,45111.0,May,2018/19,Total
2018-06-01,Total HMRC Receipts,38734.0,June,2018/19,Total
2018-07-01,Total HMRC Receipts,66357.0,July,2018/19,Total
2018-08-01,Total HMRC Receipts,47014.0,August,2018/19,Total
2018-09-01,Total HMRC Receipts,40652.0,September,2018/19,Total
2018-10-01,Total HMRC Receipts,56504.0,October,2018/19,Total
2018-11-01,Total HMRC Receipts,47909.0,November,2018/19,Total
2018-12-01,Total HMRC Receipts,42735.0,December,2018/19,Total
2019-01-01,Total HMRC Receipts,79860.0,January,2018/19,Total
2019-02-01,Total HMRC Receipts,54367.0,February,2018/19,Total
2019-03-01,Total HMRC Receipts,43972.0,March,2018/19,Total
2019-04-01,Total HMRC Receipts,60904.0,April,2019/20,Total
2019-05-01,Total HMRC Receipts,45334.0,May,2019/20,Total
2019-06-01,Total HMRC Receipts,41681.0,June,2019/20,Total
2019-07-01,Total HMRC Receipts,68212.0,July,2019/20,Total
2019-08-01,Total HMRC Receipts,48766.0,August,2019/20,Total
2019-09-01,Total HMRC Receipts,42966.0,September,2019/20,Total
2019-10-01,Total HMRC Receipts,55552.0,October,2019/20,Total
2019-11-01,Total HMRC Receipts,47169.0,November,2019/20,Total
2019-12-01,Total HMRC Receipts,46426.0,December,2019/20,Total
2020-01-01,Total HMRC Receipts,81603.0,January,2019/20,Total
2020-02-01,Total HMRC Receipts,53868.0,February,2019/20,Total
2020-03-01,Total HMRC Receipts,40946.0,March,2019/20,Total
2020-04-01,Total HMRC Receipts,35181.0,April,2020/21,Total
2020-05-01,Total HMRC Receipts,26023.0,May,2020/21,Total
2020-06-01,Total HMRC Receipts,35809.0,June,2020/21,Total
2020-07-01,Total HMRC Receipts,52888.0,July,2020/21,Total
2020-08-01,Total HMRC Receipts,45364.0,August,2020/21,Total
2020-09-01,Total HMRC Receipts,46895.0,September,2020/21,Total
2020-10-01,Total HMRC Receipts,50272.0,October,2020/21,Total
2020-11-01,Total HMRC Receipts,48655.0,November,2020/21,Total
2020-12-01,Total HMRC Receipts,52309.0,December,2020/21,Total
2021-01-01,Total HMRC Receipts,79201.0,January,2020/21,Total
2021-02-01,Total HMRC Receipts,54381.0,February,2020/21,Total
2021-03-01,Total HMRC Receipts,57236.0,March,2020/21,Total
2021-04-01,Total HMRC Receipts,58273.0,April,2021/22,Total
2021-05-01,Total HMRC Receipts,48447.0,May,2021/22,Total
2021-06-01,Total HMRC Receipts,52038.0,June,2021/22,Total
2021-07-01,Total HMRC Receipts,66855.0,July,2021/22,Total
2021-08-01,Total HMRC Receipts,53948.0,August,2021/22,Total
2021-09-01,Total HMRC Receipts,53804.0,September,2021/22,Total
2021-10-01,Total HMRC Receipts,57370.0,October,2021/22,Total
2021-11-01,Total HMRC Receipts,55273.0,November,2021/22,Total
2021-12-01,Total HMRC Receipts,59349.0,December,2021/22,Total
2022-01-01,Total HMRC Receipts,89721.0,January,2021/22,Total
2022-02-01,Total HMRC Receipts,61645.0,February,2021/22,Total
2022-03-01,Total HMRC Receipts,58996.0,March,2021/22,Total
2022-04-01,Total HMRC Receipts,69001.0,April,2022/23,Total
2022-05-01,Total HMRC Receipts,53230.0,May,2022/23,Total
2022-06-01,Total HMRC Receipts,56560.0,June,2022/23,Total
2022-07-01,Total HMRC Receipts,73911.0,July,2022/23,Total
2022-08-01,Total HMRC Receipts,58223.0,August,2022/23,Total
2022-09-01,Total HMRC Receipts,57944.0,September,2022/23,Total
2022-10-01,Total HMRC Receipts,63805.0,October,2022/23,Total
2022-11-01,Total HMRC Receipts,58458.0,November,2022/23,Total
2022-12-01,Total HMRC Receipts,62732.0,December,2022/23,Total
2023-01-01,Total HMRC Receipts,106375.0,January,2022/23,Total
2023-02-01,Total HMRC Receipts,63150.0,February,2022/23,Total
2023-03-01,Total HMRC Receipts,63616.0,March,2022/23,Total
2023-04-01,Total HMRC Receipts,71840.0,April,2023/24,Total
2023-05-01,Total HMRC Receipts,57961.0,May,2023/24,Total
2023-06-01,Total HMRC Receipts,60876.0,June,2023/24,Total
2023-07-01,Total HMRC Receipts,80563.0,July,2023/24,Total
2023-08-01,Total HMRC Receipts,61641.0,August,2023/24,Total
2023-09-01,Total HMRC Receipts,61845.0,September,2023/24,Total
2023-10-01,Total HMRC Receipts,67399.0,October,2023/24,Total
2023-11-01,Total HMRC Receipts,59566.0,November,2023/24,Total
2023-12-01,Total HMRC Receipts,65540.0,December,2023/24,Total
2024-01-01,Total HMRC Receipts,107792.0,January,2023/24,Total
2024-02-01,Total HMRC Receipts,66329.0,February,2023/24,Total
2024-03-01,Total HMRC Receipts,67232.0,March,2023/24,Total
2024-04-01,Total HMRC Receipts,75852.0,April,2024/25,Total
2024-05-01,Total HMRC Receipts,58335.0,May,2024/25,Total
2024-06-01,Total HMRC Receipts,63893.0,June,2024/25,Total
2024-07-01,Total HMRC Receipts,83691.0,July,2024/25,Total
2024-08-01,Total HMRC Receipts,60617.0,August,2024/25,Total
2024-09-01,Total HMRC Receipts,64008.0,September,2024/25,Total
2024-10-01,Total HMRC Receipts,69316.0,October,2024/25,Total
2024-11-01,Total HMRC Receipts,61366.0,November,2024/25,Total
2024-12-01,Total HMRC Receipts,70162.0,December,2024/25,Total
2025-01-01,Total HMRC Receipts,112022.0,January,2024/25,Total
2025-02-01,Total HMRC Receipts,68846.0,February,2024/25,Total
2025-03-01,Total HMRC Receipts,70541.0,March,2024/25,Total
2025-04-01,Total HMRC Receipts,80851.0,April,2025/26,Total
2025-05-01,Total HMRC Receipts,62823.0,May,2025/26,Total
2025-06-01,Total HMRC Receipts,67110.0,June,2025/26,Total
2025-07-01,Total HMRC Receipts,92843.0,July,2025/26,Total
2025-08-01,Total HMRC Receipts,63052.0,August,2025/26,Total
2025-09-01,Total HMRC Receipts,71201.0,September,2025/26,Total
2025-10-01,Total HMRC Receipts,75323.0,October,2025/26,Total
2025-11-01,Total HMRC Receipts,64944.0,November,2025/26,Total
2025-12-01,Total HMRC Receipts,79235.0,December,2025/26,Total
2026-01-01,Total HMRC Receipts,126444.0,January,2025/26,Total
2026-02-01,Total HMRC Receipts,75743.0,February,2025/26,Total
2026-03-01,Total HMRC Receipts,78194.0,March,2025/26,Total
2026-04-01,Total HMRC Receipts,85214.0,April,2026/27,Total
2026-05-01,Total HMRC Receipts,65414.0,May,2026/27,Total
2026-06-01,Total HMRC Receipts,74055.0,June,2026/27,Total
2026-07-01,Total HMRC Receipts,97999.0,July,2026/27,Total
2026-08-01,Total HMRC Receipts,68886.0,August,2026/27,Total
2017-04-01,Income Tax,16222.0,April,2017/18,Tax
2017-05-01,Income Tax,12237.0,May,2017/18,Tax
2017-06-01,Income Tax,11941.0,June,2017/18,Tax
2017-07-01,Income Tax,20389.0,July,2017/18,Tax
2017-08-01,Income Tax,12888.0,August,2017/18,Tax
2017-09-01,Income Tax,11403.0,September,2017/18,Tax
2017-10-01,Income Tax,12551.0,October,2017/18,Tax
2017-11-01,Income Tax,11969.0,November,2017/18,Tax
2017-12-01,Income Tax,12573.0,December,2017/18,Tax
2018-01-01,Income Tax,26080.0,January,2017/18,Tax
2018-02-01,Income Tax,16963.0,February,2017/18,Tax
2018-03-01,Income Tax,14833.0,March,2017/18,Tax
2018-04-01,Income Tax,17054.0,April,2018/19,Tax
2018-05-01,Income Tax,13038.0,May,2018/19,Tax
2018-06-01,Income Tax,12338.0,June,2018/19,Tax
2018-07-01,Income Tax,22141.0,July,2018/19,Tax
2018-08-01,Income Tax,13771.0,August,2018/19,Tax
2018-09-01,Income Tax,12051.0,September,2018/19,Tax
2018-10-01,Income Tax,13258.0,October,2018/19,Tax
2018-11-01,Income Tax,13033.0,November,2018/19,Tax
2018-12-01,Income Tax,13626.0,December,2018/19,Tax
2019-01-01,Income Tax,28479.0,January,2018/19,Tax
2019-02-01,Income Tax,17197.0,February,2018/19,Tax
2019-03-01,Income Tax,15043.0,March,2018/19,Tax
2019-04-01,Income Tax,18577.0,April,2019/20,Tax
2019-05-01,Income Tax,13235.0,May,2019/20,Tax
2019-06-01,Income Tax,12910.0,June,2019/20,Tax
2019-07-01,Income Tax,22706.0,July,2019/20,Tax
2019-08-01,Income Tax,14129.0,August,2019/20,Tax
2019-09-01,Income Tax,12396.0,September,2019/20,Tax
2019-10-01,Income Tax,12793.0,October,2019/20,Tax
2019-11-01,Income Tax,12219.0,November,2019/20,Tax
2019-12-01,Income Tax,13534.0,December,2019/20,Tax
2020-01-01,Income Tax,29327.0,January,2019/20,Tax
2020-02-01,Income Tax,17134.0,February,2019/20,Tax
2020-03-01,Income Tax,14282.0,March,2019/20,Tax
2020-04-01,Income Tax,14474.0,April,2020/21,Tax
2020-05-01,Income Tax,11001.0,May,2020/21,Tax
2020-06-01,Income Tax,12556.0,June,2020/21,Tax
2020-07-01,Income Tax,18107.0,July,2020/21,Tax
2020-08-01,Income Tax,14675.0,August,2020/21,Tax
2020-09-01,Income Tax,13339.0,September,2020/21,Tax
2020-10-01,Income Tax,13272.0,October,2020/21,Tax
2020-11-01,Income Tax,14140.0,November,2020/21,Tax
2020-12-01,Income Tax,15381.0,December,2020/21,Tax
2021-01-01,Income Tax,30780.0,January,2020/21,Tax
2021-02-01,Income Tax,19273.0,February,2020/21,Tax
2021-03-01,Income Tax,16743.0,March,2020/21,Tax
2021-04-01,Income Tax,18628.0,April,2021/22,Tax
2021-05-01,Income Tax,15258.0,May,2021/22,Tax
2021-06-01,Income Tax,15063.0,June,2021/22,Tax
2021-07-01,Income Tax,22699.0,July,2021/22,Tax
2021-08-01,Income Tax,16206.0,August,2021/22,Tax
2021-09-01,Income Tax,15044.0,September,2021/22,Tax
2021-10-01,Income Tax,14500.0,October,2021/22,Tax
2021-11-01,Income Tax,15278.0,November,2021/22,Tax
2021-12-01,Income Tax,16578.0,December,2021/22,Tax
2022-01-01,Income Tax,32371.0,January,2021/22,Tax
2022-02-01,Income Tax,19889.0,February,2021/22,Tax
2022-03-01,Income Tax,19097.0,March,2021/22,Tax
2022-04-01,Income Tax,22905.0,April,2022/23,Tax
2022-05-01,Income Tax,16414.0,May,2022/23,Tax
2022-06-01,Income Tax,16149.0,June,2022/23,Tax
2022-07-01,Income Tax,25381.0,July,2022/23,Tax
2022-08-01,Income Tax,18371.0,August,2022/23,Tax
2022-09-01,Income Tax,15915.0,September,2022/23,Tax
2022-10-01,Income Tax,16436.0,October,2022/23,Tax
2022-11-01,Income Tax,16846.0,November,2022/23,Tax
2022-12-01,Income Tax,18765.0,December,2022/23,Tax
2023-01-01,Income Tax,39802.0,January,2022/23,Tax
2023-02-01,Income Tax,21015.0,February,2022/23,Tax
2023-03-01,Income Tax,20360.0,March,2022/23,Tax
2023-04-01,Income Tax,24802.0,April,2023/24,Tax
2023-05-01,Income Tax,19528.0,May,2023/24,Tax
2023-06-01,Income Tax,18117.0,June,2023/24,Tax
2023-07-01,Income Tax,29823.0,July,2023/24,Tax
2023-08-01,Income Tax,19952.0,August,2023/24,Tax
2023-09-01,Income Tax,17699.0,September,2023/24,Tax
2023-10-01,Income Tax,18798.0,October,2023/24,Tax
2023-11-01,Income Tax,19178.0,November,2023/24,Tax
2023-12-01,Income Tax,19774.0,December,2023/24,Tax
2024-01-01,Income Tax,42276.0,January,2023/24,Tax
2024-02-01,Income Tax,23468.0,February,2023/24,Tax
2024-03-01,Income Tax,21842.0,March,2023/24,Tax
2024-04-01,Income Tax,27554.0,April,2024/25,Tax
2024-05-01,Income Tax,20207.0,May,2024/25,Tax
2024-06-01,Income Tax,20220.0,June,2024/25,Tax
2024-07-01,Income Tax,33465.0,July,2024/25,Tax
2024-08-01,Income Tax,20942.0,August,2024/25,Tax
2024-09-01,Income Tax,19386.0,September,2024/25,Tax
2024-10-01,Income Tax,19882.0,October,2024/25,Tax
2024-11-01,Income Tax,20515.0,November,2024/25,Tax
2024-12-01,Income Tax,22537.0,December,2024/25,Tax
2025-01-01,Income Tax,49304.0,January,2024/25,Tax
2025-02-01,Income Tax,25224.0,February,2024/25,Tax
2025-03-01,Income Tax,23560.0,March,2024/25,Tax
2025-04-01,Income Tax,29822.0,April,2025/26,Tax
2025-05-01,Income Tax,21208.0,May,2025/26,Tax
2025-06-01,Income Tax,21052.0,June,2025/26,Tax
2025-07-01,Income Tax,37751.0,July,2025/26,Tax
2025-08-01,Income Tax,21775.0,August,2025/26,Tax
2025-09-01,Income Tax,22053.0,September,2025/26,Tax
2025-10-01,Income Tax,21613.0,October,2025/26,Tax
2025-11-01,Income Tax,21704.0,November,2025/26,Tax
2025-12-01,Income Tax,25244.0,December,2025/26,Tax
2026-01-01,Income Tax,51255.0,January,2025/26,Tax
2026-02-01,Income Tax,27956.0,February,2025/26,Tax
2026-03-01,Income Tax,25497.0,March,2025/26,Tax
2026-04-01,Income Tax,31039.0,April,2026/27,Tax
2026-05-01,Income Tax,22022.0,May,2026/27,Tax
2026-06-01,Income Tax,23610.0,June,2026/27,Tax
2026-07-01,Income Tax,40889.0,July,2026/27,Tax
2026-08-01,Income Tax,24330.0,August,2026/27,Tax
2017-04-01,Pay As You Earn Income Tax (included within Income Tax),16278.0,April,2017/18,Component
2017-05-01,Pay As You Earn Income Tax (included within Income Tax),12940.0,May,2017/18,Component
2017-06-01,Pay As You Earn Income Tax (included within Income Tax),12177.0,June,2017/18,Component
2017-07-01,Pay As You Earn Income Tax (included within Income Tax),12649.0,July,2017/18,Component
2017-08-01,Pay As You Earn Income Tax (included within Income Tax),12171.0,August,2017/18,Component
2017-09-01,Pay As You Earn Income Tax (included within Income Tax),11674.0,September,2017/18,Component
2017-10-01,Pay As You Earn Income Tax (included within Income Tax),12084.0,October,2017/18,Component
2017-11-01,Pay As You Earn Income Tax (included within Income Tax),11951.0,November,2017/18,Component
2017-12-01,Pay As You Earn Income Tax (included within Income Tax),11677.0,December,2017/18,Component
2018-01-01,Pay As You Earn Income Tax (included within Income Tax),13291.0,January,2017/18,Component
2018-02-01,Pay As You Earn Income Tax (included within Income Tax),12868.0,February,2017/18,Component
2018-03-01,Pay As You Earn Income Tax (included within Income Tax),14507.0,March,2017/18,Component
2018-04-01,Pay As You Earn Income Tax (included within Income Tax),17090.0,April,2018/19,Component
2018-05-01,Pay As You Earn Income Tax (included within Income Tax),13628.0,May,2018/19,Component
2018-06-01,Pay As You Earn Income Tax (included within Income Tax),12585.0,June,2018/19,Component
2018-07-01,Pay As You Earn Income Tax (included within Income Tax),13349.0,July,2018/19,Component
2018-08-01,Pay As You Earn Income Tax (included within Income Tax),12872.0,August,2018/19,Component
2018-09-01,Pay As You Earn Income Tax (included within Income Tax),12318.0,September,2018/19,Component
2018-10-01,Pay As You Earn Income Tax (included within Income Tax),12866.0,October,2018/19,Component
2018-11-01,Pay As You Earn Income Tax (included within Income Tax),12676.0,November,2018/19,Component
2018-12-01,Pay As You Earn Income Tax (included within Income Tax),12463.0,December,2018/19,Component
2019-01-01,Pay As You Earn Income Tax (included within Income Tax),13950.0,January,2018/19,Component
2019-02-01,Pay As You Earn Income Tax (included within Income Tax),13580.0,February,2018/19,Component
2019-03-01,Pay As You Earn Income Tax (included within Income Tax),14533.0,March,2018/19,Component
2019-04-01,Pay As You Earn Income Tax (included within Income Tax),18622.0,April,2019/20,Component
2019-05-01,Pay As You Earn Income Tax (included within Income Tax),13754.0,May,2019/20,Component
2019-06-01,Pay As You Earn Income Tax (included within Income Tax),13085.0,June,2019/20,Component
2019-07-01,Pay As You Earn Income Tax (included within Income Tax),13785.0,July,2019/20,Component
2019-08-01,Pay As You Earn Income Tax (included within Income Tax),12851.0,August,2019/20,Component
2019-09-01,Pay As You Earn Income Tax (included within Income Tax),12591.0,September,2019/20,Component
2019-10-01,Pay As You Earn Income Tax (included within Income Tax),12990.0,October,2019/20,Component
2019-11-01,Pay As You Earn Income Tax (included within Income Tax),12473.0,November,2019/20,Component
2019-12-01,Pay As You Earn Income Tax (included within Income Tax),12621.0,December,2019/20,Component
2020-01-01,Pay As You Earn Income Tax (included within Income Tax),13981.0,January,2019/20,Component
2020-02-01,Pay As You Earn Income Tax (included within Income Tax),14026.0,February,2019/20,Component
2020-03-01,Pay As You Earn Income Tax (included within Income Tax),14060.0,March,2019/20,Component
2020-04-01,Pay As You Earn Income Tax (included within Income Tax),15585.0,April,2020/21,Component
2020-05-01,Pay As You Earn Income Tax (included within Income Tax),11731.0,May,2020/21,Component
2020-06-01,Pay As You Earn Income Tax (included within Income Tax),13194.0,June,2020/21,Component
2020-07-01,Pay As You Earn Income Tax (included within Income Tax),14259.0,July,2020/21,Component
2020-08-01,Pay As You Earn Income Tax (included within Income Tax),13145.0,August,2020/21,Component
2020-09-01,Pay As You Earn Income Tax (included within Income Tax),13344.0,September,2020/21,Component
2020-10-01,Pay As You Earn Income Tax (included within Income Tax),13288.0,October,2020/21,Component
2020-11-01,Pay As You Earn Income Tax (included within Income Tax),13344.0,November,2020/21,Component
2020-12-01,Pay As You Earn Income Tax (included within Income Tax),13711.0,December,2020/21,Component
2021-01-01,Pay As You Earn Income Tax (included within Income Tax),14436.0,January,2020/21,Component
2021-02-01,Pay As You Earn Income Tax (included within Income Tax),14884.0,February,2020/21,Component
2021-03-01,Pay As You Earn Income Tax (included within Income Tax),15900.0,March,2020/21,Component
2021-04-01,Pay As You Earn Income Tax (included within Income Tax),18321.0,April,2021/22,Component
2021-05-01,Pay As You Earn Income Tax (included within Income Tax),15111.0,May,2021/22,Component
2021-06-01,Pay As You Earn Income Tax (included within Income Tax),15098.0,June,2021/22,Component
2021-07-01,Pay As You Earn Income Tax (included within Income Tax),14958.0,July,2021/22,Component
2021-08-01,Pay As You Earn Income Tax (included within Income Tax),14476.0,August,2021/22,Component
2021-09-01,Pay As You Earn Income Tax (included within Income Tax),14589.0,September,2021/22,Component
2021-10-01,Pay As You Earn Income Tax (included within Income Tax),14504.0,October,2021/22,Component
2021-11-01,Pay As You Earn Income Tax (included within Income Tax),14926.0,November,2021/22,Component
2021-12-01,Pay As You Earn Income Tax (included within Income Tax),14881.0,December,2021/22,Component
2022-01-01,Pay As You Earn Income Tax (included within Income Tax),16287.0,January,2021/22,Component
2022-02-01,Pay As You Earn Income Tax (included within Income Tax),16981.0,February,2021/22,Component
2022-03-01,Pay As You Earn Income Tax (included within Income Tax),18121.0,March,2021/22,Component
2022-04-01,Pay As You Earn Income Tax (included within Income Tax),22631.0,April,2022/23,Component
2022-05-01,Pay As You Earn Income Tax (included within Income Tax),16904.0,May,2022/23,Component
2022-06-01,Pay As You Earn Income Tax (included within Income Tax),16129.0,June,2022/23,Component
2022-07-01,Pay As You Earn Income Tax (included within Income Tax),16730.0,July,2022/23,Component
2022-08-01,Pay As You Earn Income Tax (included within Income Tax),16688.0,August,2022/23,Component
2022-09-01,Pay As You Earn Income Tax (included within Income Tax),15729.0,September,2022/23,Component
2022-10-01,Pay As You Earn Income Tax (included within Income Tax),16296.0,October,2022/23,Component
2022-11-01,Pay As You Earn Income Tax (included within Income Tax),16554.0,November,2022/23,Component
2022-12-01,Pay As You Earn Income Tax (included within Income Tax),16896.0,December,2022/23,Component
2023-01-01,Pay As You Earn Income Tax (included within Income Tax),18233.0,January,2022/23,Component
2023-02-01,Pay As You Earn Income Tax (included within Income Tax),18434.0,February,2022/23,Component
2023-03-01,Pay As You Earn Income Tax (included within Income Tax),20069.0,March,2022/23,Component
2023-04-01,Pay As You Earn Income Tax (included within Income Tax),25277.0,April,2023/24,Component
2023-05-01,Pay As You Earn Income Tax (included within Income Tax),19886.0,May,2023/24,Component
2023-06-01,Pay As You Earn Income Tax (included within Income Tax),18384.0,June,2023/24,Component
2023-07-01,Pay As You Earn Income Tax (included within Income Tax),19684.0,July,2023/24,Component
2023-08-01,Pay As You Earn Income Tax (included within Income Tax),18881.0,August,2023/24,Component
2023-09-01,Pay As You Earn Income Tax (included within Income Tax),17961.0,September,2023/24,Component
2023-10-01,Pay As You Earn Income Tax (included within Income Tax),18580.0,October,2023/24,Component
2023-11-01,Pay As You Earn Income Tax (included within Income Tax),18368.0,November,2023/24,Component
2023-12-01,Pay As You Earn Income Tax (included within Income Tax),18256.0,December,2023/24,Component
2024-01-01,Pay As You Earn Income Tax (included within Income Tax),20612.0,January,2023/24,Component
2024-02-01,Pay As You Earn Income Tax (included within Income Tax),19917.0,February,2023/24,Component
2024-03-01,Pay As You Earn Income Tax (included within Income Tax),21465.0,March,2023/24,Component
2024-04-01,Pay As You Earn Income Tax (included within Income Tax),28120.0,April,2024/25,Component
2024-05-01,Pay As You Earn Income Tax (included within Income Tax),21074.0,May,2024/25,Component
2024-06-01,Pay As You Earn Income Tax (included within Income Tax),20066.0,June,2024/25,Component
2024-07-01,Pay As You Earn Income Tax (included within Income Tax),21543.0,July,2024/25,Component
2024-08-01,Pay As You Earn Income Tax (included within Income Tax),19800.0,August,2024/25,Component
2024-09-01,Pay As You Earn Income Tax (included within Income Tax),19474.0,September,2024/25,Component
2024-10-01,Pay As You Earn Income Tax (included within Income Tax),19486.0,October,2024/25,Component
2024-11-01,Pay As You Earn Income Tax (included within Income Tax),20051.0,November,2024/25,Component
2024-12-01,Pay As You Earn Income Tax (included within Income Tax),20372.0,December,2024/25,Component
2025-01-01,Pay As You Earn Income Tax (included within Income Tax),23299.0,January,2024/25,Component
2025-02-01,Pay As You Earn Income Tax (included within Income Tax),22021.0,February,2024/25,Component
2025-03-01,Pay As You Earn Income Tax (included within Income Tax),23611.0,March,2024/25,Component
2025-04-01,Pay As You Earn Income Tax (included within Income Tax),30714.0,April,2025/26,Component
2025-05-01,Pay As You Earn Income Tax (included within Income Tax),22224.0,May,2025/26,Component
2025-06-01,Pay As You Earn Income Tax (included within Income Tax),21302.0,June,2025/26,Component
2025-07-01,Pay As You Earn Income Tax (included within Income Tax),22779.0,July,2025/26,Component
2025-08-01,Pay As You Earn Income Tax (included within Income Tax),21005.0,August,2025/26,Component
2025-09-01,Pay As You Earn Income Tax (included within Income Tax),22298.0,September,2025/26,Component
2025-10-01,Pay As You Earn Income Tax (included within Income Tax),21518.0,October,2025/26,Component
2025-11-01,Pay As You Earn Income Tax (included within Income Tax),21431.0,November,2025/26,Component
2025-12-01,Pay As You Earn Income Tax (included within Income Tax),22075.0,December,2025/26,Component
2026-01-01,Pay As You Earn Income Tax (included within Income Tax),23582.0,January,2025/26,Component
2026-02-01,Pay As You Earn Income Tax (included within Income Tax),23889.0,February,2025/26,Component
2026-03-01,Pay As You Earn Income Tax (included within Income Tax),25421.0,March,2025/26,Component
2026-04-01,Pay As You Earn Income Tax (included within Income Tax),32329.0,April,2026/27,Component
2026-05-01,Pay As You Earn Income Tax (included within Income Tax),24222.0,May,2026/27,Component
2026-06-01,Pay As You Earn Income Tax (included within Income Tax),23831.0,June,2026/27,Component
2026-07-01,Pay As You Earn Income Tax (included within Income Tax),23439.0,July,2026/27,Component
2026-08-01,Pay As You Earn Income Tax (included within Income Tax),24079.0,August,2026/27,Component
2017-04-01,Self-Assessment Income Tax (included within Income Tax),-106.0,April,2017/18,Component
2017-05-01,Self-Assessment Income Tax (included within Income Tax),-190.0,May,2017/18,Component
2017-06-01,Self-Assessment Income Tax (included within Income Tax),139.0,June,2017/18,Component
2017-07-01,Self-Assessment Income Tax (included within Income Tax),8046.0,July,2017/18,Component
2017-08-01,Self-Assessment Income Tax (included within Income Tax),1344.0,August,2017/18,Component
2017-09-01,Self-Assessment Income Tax (included within Income Tax),144.0,September,2017/18,Component
2017-10-01,Self-Assessment Income Tax (included within Income Tax),81.0,October,2017/18,Component
2017-11-01,Self-Assessment Income Tax (included within Income Tax),97.0,November,2017/18,Component
2017-12-01,Self-Assessment Income Tax (included within Income Tax),1108.0,December,2017/18,Component
2018-01-01,Self-Assessment Income Tax (included within Income Tax),12756.0,January,2017/18,Component
2018-02-01,Self-Assessment Income Tax (included within Income Tax),4271.0,February,2017/18,Component
2018-03-01,Self-Assessment Income Tax (included within Income Tax),605.0,March,2017/18,Component
2018-04-01,Self-Assessment Income Tax (included within Income Tax),-65.0,April,2018/19,Component
2018-05-01,Self-Assessment Income Tax (included within Income Tax),-102.0,May,2018/19,Component
2018-06-01,Self-Assessment Income Tax (included within Income Tax),216.0,June,2018/19,Component
2018-07-01,Self-Assessment Income Tax (included within Income Tax),9004.0,July,2018/19,Component
2018-08-01,Self-Assessment Income Tax (included within Income Tax),1338.0,August,2018/19,Component
2018-09-01,Self-Assessment Income Tax (included within Income Tax),225.0,September,2018/19,Component
2018-10-01,Self-Assessment Income Tax (included within Income Tax),154.0,October,2018/19,Component
2018-11-01,Self-Assessment Income Tax (included within Income Tax),130.0,November,2018/19,Component
2018-12-01,Self-Assessment Income Tax (included within Income Tax),1384.0,December,2018/19,Component
2019-01-01,Self-Assessment Income Tax (included within Income Tax),14690.0,January,2018/19,Component
2019-02-01,Self-Assessment Income Tax (included within Income Tax),3838.0,February,2018/19,Component
2019-03-01,Self-Assessment Income Tax (included within Income Tax),543.0,March,2018/19,Component
2019-04-01,Self-Assessment Income Tax (included within Income Tax),-183.0,April,2019/20,Component
2019-05-01,Self-Assessment Income Tax (included within Income Tax),-245.0,May,2019/20,Component
2019-06-01,Self-Assessment Income Tax (included within Income Tax),160.0,June,2019/20,Component
2019-07-01,Self-Assessment Income Tax (included within Income Tax),9356.0,July,2019/20,Component
2019-08-01,Self-Assessment Income Tax (included within Income Tax),1697.0,August,2019/20,Component
2019-09-01,Self-Assessment Income Tax (included within Income Tax),297.0,September,2019/20,Component
2019-10-01,Self-Assessment Income Tax (included within Income Tax),117.0,October,2019/20,Component
2019-11-01,Self-Assessment Income Tax (included within Income Tax),234.0,November,2019/20,Component
2019-12-01,Self-Assessment Income Tax (included within Income Tax),1409.0,December,2019/20,Component
2020-01-01,Self-Assessment Income Tax (included within Income Tax),15295.0,January,2019/20,Component
2020-02-01,Self-Assessment Income Tax (included within Income Tax),3296.0,February,2019/20,Component
2020-03-01,Self-Assessment Income Tax (included within Income Tax),576.0,March,2019/20,Component
2020-04-01,Self-Assessment Income Tax (included within Income Tax),-749.0,April,2020/21,Component
2020-05-01,Self-Assessment Income Tax (included within Income Tax),-215.0,May,2020/21,Component
2020-06-01,Self-Assessment Income Tax (included within Income Tax),105.0,June,2020/21,Component
2020-07-01,Self-Assessment Income Tax (included within Income Tax),4705.0,July,2020/21,Component
2020-08-01,Self-Assessment Income Tax (included within Income Tax),1842.0,August,2020/21,Component
2020-09-01,Self-Assessment Income Tax (included within Income Tax),362.0,September,2020/21,Component
2020-10-01,Self-Assessment Income Tax (included within Income Tax),369.0,October,2020/21,Component
2020-11-01,Self-Assessment Income Tax (included within Income Tax),643.0,November,2020/21,Component
2020-12-01,Self-Assessment Income Tax (included within Income Tax),2240.0,December,2020/21,Component
2021-01-01,Self-Assessment Income Tax (included within Income Tax),16465.0,January,2020/21,Component
2021-02-01,Self-Assessment Income Tax (included within Income Tax),4282.0,February,2020/21,Component
2021-03-01,Self-Assessment Income Tax (included within Income Tax),1139.0,March,2020/21,Component
2021-04-01,Self-Assessment Income Tax (included within Income Tax),289.0,April,2021/22,Component
2021-05-01,Self-Assessment Income Tax (included within Income Tax),303.0,May,2021/22,Component
2021-06-01,Self-Assessment Income Tax (included within Income Tax),762.0,June,2021/22,Component
2021-07-01,Self-Assessment Income Tax (included within Income Tax),8554.0,July,2021/22,Component
2021-08-01,Self-Assessment Income Tax (included within Income Tax),2218.0,August,2021/22,Component
2021-09-01,Self-Assessment Income Tax (included within Income Tax),695.0,September,2021/22,Component
2021-10-01,Self-Assessment Income Tax (included within Income Tax),362.0,October,2021/22,Component
2021-11-01,Self-Assessment Income Tax (included within Income Tax),597.0,November,2021/22,Component
2021-12-01,Self-Assessment Income Tax (included within Income Tax),2402.0,December,2021/22,Component
2022-01-01,Self-Assessment Income Tax (included within Income Tax),16424.0,January,2021/22,Component
2022-02-01,Self-Assessment Income Tax (included within Income Tax),3040.0,February,2021/22,Component
2022-03-01,Self-Assessment Income Tax (included within Income Tax),1382.0,March,2021/22,Component
2022-04-01,Self-Assessment Income Tax (included within Income Tax),338.0,April,2022/23,Component
2022-05-01,Self-Assessment Income Tax (included within Income Tax),176.0,May,2022/23,Component
2022-06-01,Self-Assessment Income Tax (included within Income Tax),813.0,June,2022/23,Component
2022-07-01,Self-Assessment Income Tax (included within Income Tax),9297.0,July,2022/23,Component
2022-08-01,Self-Assessment Income Tax (included within Income Tax),2312.0,August,2022/23,Component
2022-09-01,Self-Assessment Income Tax (included within Income Tax),653.0,September,2022/23,Component
2022-10-01,Self-Assessment Income Tax (included within Income Tax),476.0,October,2022/23,Component
2022-11-01,Self-Assessment Income Tax (included within Income Tax),692.0,November,2022/23,Component
2022-12-01,Self-Assessment Income Tax (included within Income Tax),2370.0,December,2022/23,Component
2023-01-01,Self-Assessment Income Tax (included within Income Tax),21997.0,January,2022/23,Component
2023-02-01,Self-Assessment Income Tax (included within Income Tax),3080.0,February,2022/23,Component
2023-03-01,Self-Assessment Income Tax (included within Income Tax),735.0,March,2022/23,Component
2023-04-01,Self-Assessment Income Tax (included within Income Tax),-206.0,April,2023/24,Component
2023-05-01,Self-Assessment Income Tax (included within Income Tax),-30.0,May,2023/24,Component
2023-06-01,Self-Assessment Income Tax (included within Income Tax),743.0,June,2023/24,Component
2023-07-01,Self-Assessment Income Tax (included within Income Tax),11349.0,July,2023/24,Component
2023-08-01,Self-Assessment Income Tax (included within Income Tax),1512.0,August,2023/24,Component
2023-09-01,Self-Assessment Income Tax (included within Income Tax),141.0,September,2023/24,Component
2023-10-01,Self-Assessment Income Tax (included within Income Tax),300.0,October,2023/24,Component
2023-11-01,Self-Assessment Income Tax (included within Income Tax),553.0,November,2023/24,Component
2023-12-01,Self-Assessment Income Tax (included within Income Tax),1738.0,December,2023/24,Component
2024-01-01,Self-Assessment Income Tax (included within Income Tax),21723.0,January,2023/24,Component
2024-02-01,Self-Assessment Income Tax (included within Income Tax),3704.0,February,2023/24,Component
2024-03-01,Self-Assessment Income Tax (included within Income Tax),730.0,March,2023/24,Component
2024-04-01,Self-Assessment Income Tax (included within Income Tax),-373.0,April,2024/25,Component
2024-05-01,Self-Assessment Income Tax (included within Income Tax),-49.0,May,2024/25,Component
2024-06-01,Self-Assessment Income Tax (included within Income Tax),705.0,June,2024/25,Component
2024-07-01,Self-Assessment Income Tax (included within Income Tax),12764.0,July,2024/25,Component
2024-08-01,Self-Assessment Income Tax (included within Income Tax),1503.0,August,2024/25,Component
2024-09-01,Self-Assessment Income Tax (included within Income Tax),448.0,September,2024/25,Component
2024-10-01,Self-Assessment Income Tax (included within Income Tax),430.0,October,2024/25,Component
2024-11-01,Self-Assessment Income Tax (included within Income Tax),585.0,November,2024/25,Component
2024-12-01,Self-Assessment Income Tax (included within Income Tax),2449.0,December,2024/25,Component
2025-01-01,Self-Assessment Income Tax (included within Income Tax),25860.0,January,2024/25,Component
2025-02-01,Self-Assessment Income Tax (included within Income Tax),3242.0,February,2024/25,Component
2025-03-01,Self-Assessment Income Tax (included within Income Tax),601.0,March,2024/25,Component
2025-04-01,Self-Assessment Income Tax (included within Income Tax),-549.0,April,2025/26,Component
2025-05-01,Self-Assessment Income Tax (included within Income Tax),77.0,May,2025/26,Component
2025-06-01,Self-Assessment Income Tax (included within Income Tax),874.0,June,2025/26,Component
2025-07-01,Self-Assessment Income Tax (included within Income Tax),15452.0,July,2025/26,Component
2025-08-01,Self-Assessment Income Tax (included within Income Tax),1304.0,August,2025/26,Component
2025-09-01,Self-Assessment Income Tax (included within Income Tax),497.0,September,2025/26,Component
2025-10-01,Self-Assessment Income Tax (included within Income Tax),447.0,October,2025/26,Component
2025-11-01,Self-Assessment Income Tax (included within Income Tax),587.0,November,2025/26,Component
2025-12-01,Self-Assessment Income Tax (included within Income Tax),3054.0,December,2025/26,Component
2026-01-01,Self-Assessment Income Tax (included within Income Tax),27589.0,January,2025/26,Component
2026-02-01,Self-Assessment Income Tax (included within Income Tax),4218.0,February,2025/26,Component
2026-03-01,Self-Assessment Income Tax (included within Income Tax),521.0,March,2025/26,Component
2026-04-01,Self-Assessment Income Tax (included within Income Tax),-653.0,April,2026/27,Component
2026-05-01,Self-Assessment Income Tax (included within Income Tax),9.0,May,2026/27,Component
2026-06-01,Self-Assessment Income Tax (included within Income Tax),1096.0,June,2026/27,Component
2026-07-01,Self-Assessment Income Tax (included within Income Tax),17140.0,July,2026/27,Component
2026-08-01,Self-Assessment Income Tax (included within Income Tax),1476.0,August,2026/27,Component
2017-04-01,Capital Gains Tax,3.0,April,2017/18,Tax
2017-05-01,Capital Gains Tax,3.0,May,2017/18,Tax
2017-06-01,Capital Gains Tax,5.0,June,2017/18,Tax
2017-07-01,Capital Gains Tax,5.0,July,2017/18,Tax
2017-08-01,Capital Gains Tax,7.0,August,2017/18,Tax
2017-09-01,Capital Gains Tax,5.0,September,2017/18,Tax
2017-10-01,Capital Gains Tax,5.0,October,2017/18,Tax
2017-11-01,Capital Gains Tax,6.0,November,2017/18,Tax
2017-12-01,Capital Gains Tax,10.0,December,2017/18,Tax
2018-01-01,Capital Gains Tax,5599.0,January,2017/18,Tax
2018-02-01,Capital Gains Tax,1876.0,February,2017/18,Tax
2018-03-01,Capital Gains Tax,269.0,March,2017/18,Tax
2018-04-01,Capital Gains Tax,5.0,April,2018/19,Tax
2018-05-01,Capital Gains Tax,4.0,May,2018/19,Tax
2018-06-01,Capital Gains Tax,5.0,June,2018/19,Tax
2018-07-01,Capital Gains Tax,5.0,July,2018/19,Tax
2018-08-01,Capital Gains Tax,8.0,August,2018/19,Tax
2018-09-01,Capital Gains Tax,3.0,September,2018/19,Tax
2018-10-01,Capital Gains Tax,5.0,October,2018/19,Tax
2018-11-01,Capital Gains Tax,6.0,November,2018/19,Tax
2018-12-01,Capital Gains Tax,14.0,December,2018/19,Tax
2019-01-01,Capital Gains Tax,6666.0,January,2018/19,Tax
2019-02-01,Capital Gains Tax,2192.0,February,2018/19,Tax
2019-03-01,Capital Gains Tax,279.0,March,2018/19,Tax
2019-04-01,Capital Gains Tax,5.0,April,2019/20,Tax
2019-05-01,Capital Gains Tax,4.0,May,2019/20,Tax
2019-06-01,Capital Gains Tax,5.0,June,2019/20,Tax
2019-07-01,Capital Gains Tax,4.0,July,2019/20,Tax
2019-08-01,Capital Gains Tax,8.0,August,2019/20,Tax
2019-09-01,Capital Gains Tax,4.0,September,2019/20,Tax
2019-10-01,Capital Gains Tax,4.0,October,2019/20,Tax
2019-11-01,Capital Gains Tax,5.0,November,2019/20,Tax
2019-12-01,Capital Gains Tax,6.0,December,2019/20,Tax
2020-01-01,Capital Gains Tax,7048.0,January,2019/20,Tax
2020-02-01,Capital Gains Tax,2408.0,February,2019/20,Tax
2020-03-01,Capital Gains Tax,326.0,March,2019/20,Tax
2020-04-01,Capital Gains Tax,7.0,April,2020/21,Tax
2020-05-01,Capital Gains Tax,10.0,May,2020/21,Tax
2020-06-01,Capital Gains Tax,21.0,June,2020/21,Tax
2020-07-01,Capital Gains Tax,41.0,July,2020/21,Tax
2020-08-01,Capital Gains Tax,44.0,August,2020/21,Tax
2020-09-01,Capital Gains Tax,69.0,September,2020/21,Tax
2020-10-01,Capital Gains Tax,72.0,October,2020/21,Tax
2020-11-01,Capital Gains Tax,92.0,November,2020/21,Tax
2020-12-01,Capital Gains Tax,114.0,December,2020/21,Tax
2021-01-01,Capital Gains Tax,7576.0,January,2020/21,Tax
2021-02-01,Capital Gains Tax,2363.0,February,2020/21,Tax
2021-03-01,Capital Gains Tax,721.0,March,2020/21,Tax
2021-04-01,Capital Gains Tax,174.0,April,2021/22,Tax
2021-05-01,Capital Gains Tax,124.0,May,2021/22,Tax
2021-06-01,Capital Gains Tax,160.0,June,2021/22,Tax
2021-07-01,Capital Gains Tax,267.0,July,2021/22,Tax
2021-08-01,Capital Gains Tax,122.0,August,2021/22,Tax
2021-09-01,Capital Gains Tax,132.0,September,2021/22,Tax
2021-10-01,Capital Gains Tax,200.0,October,2021/22,Tax
2021-11-01,Capital Gains Tax,153.0,November,2021/22,Tax
2021-12-01,Capital Gains Tax,119.0,December,2021/22,Tax
2022-01-01,Capital Gains Tax,10669.0,January,2021/22,Tax
2022-02-01,Capital Gains Tax,2091.0,February,2021/22,Tax
2022-03-01,Capital Gains Tax,1052.0,March,2021/22,Tax
2022-04-01,Capital Gains Tax,145.0,April,2022/23,Tax
2022-05-01,Capital Gains Tax,178.0,May,2022/23,Tax
2022-06-01,Capital Gains Tax,154.0,June,2022/23,Tax
2022-07-01,Capital Gains Tax,153.0,July,2022/23,Tax
2022-08-01,Capital Gains Tax,189.0,August,2022/23,Tax
2022-09-01,Capital Gains Tax,185.0,September,2022/23,Tax
2022-10-01,Capital Gains Tax,190.0,October,2022/23,Tax
2022-11-01,Capital Gains Tax,231.0,November,2022/23,Tax
2022-12-01,Capital Gains Tax,188.0,December,2022/23,Tax
2023-01-01,Capital Gains Tax,12796.0,January,2022/23,Tax
2023-02-01,Capital Gains Tax,1920.0,February,2022/23,Tax
2023-03-01,Capital Gains Tax,600.0,March,2022/23,Tax
2023-04-01,Capital Gains Tax,134.0,April,2023/24,Tax
2023-05-01,Capital Gains Tax,177.0,May,2023/24,Tax
2023-06-01,Capital Gains Tax,140.0,June,2023/24,Tax
2023-07-01,Capital Gains Tax,157.0,July,2023/24,Tax
2023-08-01,Capital Gains Tax,170.0,August,2023/24,Tax
2023-09-01,Capital Gains Tax,165.0,September,2023/24,Tax
2023-10-01,Capital Gains Tax,174.0,October,2023/24,Tax
2023-11-01,Capital Gains Tax,172.0,November,2023/24,Tax
2023-12-01,Capital Gains Tax,159.0,December,2023/24,Tax
2024-01-01,Capital Gains Tax,10620.0,January,2023/24,Tax
2024-02-01,Capital Gains Tax,1926.0,February,2023/24,Tax
2024-03-01,Capital Gains Tax,500.0,March,2023/24,Tax
2024-04-01,Capital Gains Tax,156.0,April,2024/25,Tax
2024-05-01,Capital Gains Tax,161.0,May,2024/25,Tax
2024-06-01,Capital Gains Tax,157.0,June,2024/25,Tax
2024-07-01,Capital Gains Tax,183.0,July,2024/25,Tax
2024-08-01,Capital Gains Tax,197.0,August,2024/25,Tax
2024-09-01,Capital Gains Tax,192.0,September,2024/25,Tax
2024-10-01,Capital Gains Tax,251.0,October,2024/25,Tax
2024-11-01,Capital Gains Tax,222.0,November,2024/25,Tax
2024-12-01,Capital Gains Tax,335.0,December,2024/25,Tax
2025-01-01,Capital Gains Tax,10033.0,January,2024/25,Tax
2025-02-01,Capital Gains Tax,1387.0,February,2024/25,Tax
2025-03-01,Capital Gains Tax,412.0,March,2024/25,Tax
2025-04-01,Capital Gains Tax,191.0,April,2025/26,Tax
2025-05-01,Capital Gains Tax,232.0,May,2025/26,Tax
2025-06-01,Capital Gains Tax,144.0,June,2025/26,Tax
2025-07-01,Capital Gains Tax,165.0,July,2025/26,Tax
2025-08-01,Capital Gains Tax,190.0,August,2025/26,Tax
2025-09-01,Capital Gains Tax,207.0,September,2025/26,Tax
2025-10-01,Capital Gains Tax,230.0,October,2025/26,Tax
2025-11-01,Capital Gains Tax,224.0,November,2025/26,Tax
2025-12-01,Capital Gains Tax,231.0,December,2025/26,Tax
2026-01-01,Capital Gains Tax,18948.0,January,2025/26,Tax
2026-02-01,Capital Gains Tax,3018.0,February,2025/26,Tax
2026-03-01,Capital Gains Tax,530.0,March,2025/26,Tax
2026-04-01,Capital Gains Tax,162.0,April,2026/27,Tax
2026-05-01,Capital Gains Tax,168.0,May,2026/27,Tax
2026-06-01,Capital Gains Tax,192.0,June,2026/27,Tax
2026-07-01,Capital Gains Tax,194.0,July,2026/27,Tax
2026-08-01,Capital Gains Tax,198.0,August,2026/27,Tax
2017-05-01,Apprenticeship Levy,162.0,May,2017/18,Tax
2017-06-01,Apprenticeship Levy,198.0,June,2017/18,Tax
2017-07-01,Apprenticeship Levy,211.0,July,2017/18,Tax
2017-08-01,Apprenticeship Levy,210.0,August,2017/18,Tax
2017-09-01,Apprenticeship Levy,206.0,September,2017/18,Tax
2017-10-01,Apprenticeship Levy,207.0,October,2017/18,Tax
2017-11-01,Apprenticeship Levy,208.0,November,2017/18,Tax
2017-12-01,Apprenticeship Levy,176.0,December,2017/18,Tax
2018-01-01,Apprenticeship Levy,252.0,January,2017/18,Tax
2018-02-01,Apprenticeship Levy,218.0,February,2017/18,Tax
2018-03-01,Apprenticeship Levy,223.0,March,2017/18,Tax
2018-04-01,Apprenticeship Levy,273.0,April,2018/19,Tax
2018-05-01,Apprenticeship Levy,228.0,May,2018/19,Tax
2018-06-01,Apprenticeship Levy,212.0,June,2018/19,Tax
2018-07-01,Apprenticeship Levy,220.0,July,2018/19,Tax
2018-08-01,Apprenticeship Levy,228.0,August,2018/19,Tax
2018-09-01,Apprenticeship Levy,213.0,September,2018/19,Tax
2018-10-01,Apprenticeship Levy,218.0,October,2018/19,Tax
2018-11-01,Apprenticeship Levy,219.0,November,2018/19,Tax
2018-12-01,Apprenticeship Levy,213.0,December,2018/19,Tax
2019-01-01,Apprenticeship Levy,233.0,January,2018/19,Tax
2019-02-01,Apprenticeship Levy,226.0,February,2018/19,Tax
2019-03-01,Apprenticeship Levy,230.0,March,2018/19,Tax
2019-04-01,Apprenticeship Levy,271.0,April,2019/20,Tax
2019-05-01,Apprenticeship Levy,226.0,May,2019/20,Tax
2019-06-01,Apprenticeship Levy,230.0,June,2019/20,Tax
2019-07-01,Apprenticeship Levy,246.0,July,2019/20,Tax
2019-08-01,Apprenticeship Levy,226.0,August,2019/20,Tax
2019-09-01,Apprenticeship Levy,218.0,September,2019/20,Tax
2019-10-01,Apprenticeship Levy,234.0,October,2019/20,Tax
2019-11-01,Apprenticeship Levy,221.0,November,2019/20,Tax
2019-12-01,Apprenticeship Levy,223.0,December,2019/20,Tax
2020-01-01,Apprenticeship Levy,238.0,January,2019/20,Tax
2020-02-01,Apprenticeship Levy,243.0,February,2019/20,Tax
2020-03-01,Apprenticeship Levy,222.0,March,2019/20,Tax
2020-04-01,Apprenticeship Levy,210.0,April,2020/21,Tax
2020-05-01,Apprenticeship Levy,203.0,May,2020/21,Tax
2020-06-01,Apprenticeship Levy,247.0,June,2020/21,Tax
2020-07-01,Apprenticeship Levy,273.0,July,2020/21,Tax
2020-08-01,Apprenticeship Levy,238.0,August,2020/21,Tax
2020-09-01,Apprenticeship Levy,246.0,September,2020/21,Tax
2020-10-01,Apprenticeship Levy,242.0,October,2020/21,Tax
2020-11-01,Apprenticeship Levy,243.0,November,2020/21,Tax
2020-12-01,Apprenticeship Levy,234.0,December,2020/21,Tax
2021-01-01,Apprenticeship Levy,250.0,January,2020/21,Tax
2021-02-01,Apprenticeship Levy,258.0,February,2020/21,Tax
2021-03-01,Apprenticeship Levy,266.0,March,2020/21,Tax
2021-04-01,Apprenticeship Levy,291.0,April,2021/22,Tax
2021-05-01,Apprenticeship Levy,261.0,May,2021/22,Tax
2021-06-01,Apprenticeship Levy,262.0,June,2021/22,Tax
2021-07-01,Apprenticeship Levy,257.0,July,2021/22,Tax
2021-08-01,Apprenticeship Levy,253.0,August,2021/22,Tax
2021-09-01,Apprenticeship Levy,254.0,September,2021/22,Tax
2021-10-01,Apprenticeship Levy,260.0,October,2021/22,Tax
2021-11-01,Apprenticeship Levy,253.0,November,2021/22,Tax
2021-12-01,Apprenticeship Levy,247.0,December,2021/22,Tax
2022-01-01,Apprenticeship Levy,286.0,January,2021/22,Tax
2022-02-01,Apprenticeship Levy,287.0,February,2021/22,Tax
2022-03-01,Apprenticeship Levy,304.0,March,2021/22,Tax
2022-04-01,Apprenticeship Levy,356.0,April,2022/23,Tax
2022-05-01,Apprenticeship Levy,270.0,May,2022/23,Tax
2022-06-01,Apprenticeship Levy,294.0,June,2022/23,Tax
2022-07-01,Apprenticeship Levy,293.0,July,2022/23,Tax
2022-08-01,Apprenticeship Levy,286.0,August,2022/23,Tax
2022-09-01,Apprenticeship Levy,267.0,September,2022/23,Tax
2022-10-01,Apprenticeship Levy,283.0,October,2022/23,Tax
2022-11-01,Apprenticeship Levy,292.0,November,2022/23,Tax
2022-12-01,Apprenticeship Levy,283.0,December,2022/23,Tax
2023-01-01,Apprenticeship Levy,306.0,January,2022/23,Tax
2023-02-01,Apprenticeship Levy,301.0,February,2022/23,Tax
2023-03-01,Apprenticeship Levy,352.0,March,2022/23,Tax
2023-04-01,Apprenticeship Levy,378.0,April,2023/24,Tax
2023-05-01,Apprenticeship Levy,295.0,May,2023/24,Tax
2023-06-01,Apprenticeship Levy,300.0,June,2023/24,Tax
2023-07-01,Apprenticeship Levy,343.0,July,2023/24,Tax
2023-08-01,Apprenticeship Levy,306.0,August,2023/24,Tax
2023-09-01,Apprenticeship Levy,299.0,September,2023/24,Tax
2023-10-01,Apprenticeship Levy,305.0,October,2023/24,Tax
2023-11-01,Apprenticeship Levy,310.0,November,2023/24,Tax
2023-12-01,Apprenticeship Levy,296.0,December,2023/24,Tax
2024-01-01,Apprenticeship Levy,338.0,January,2023/24,Tax
2024-02-01,Apprenticeship Levy,326.0,February,2023/24,Tax
2024-03-01,Apprenticeship Levy,343.0,March,2023/24,Tax
2024-04-01,Apprenticeship Levy,413.0,April,2024/25,Tax
2024-05-01,Apprenticeship Levy,329.0,May,2024/25,Tax
2024-06-01,Apprenticeship Levy,315.0,June,2024/25,Tax
2024-07-01,Apprenticeship Levy,334.0,July,2024/25,Tax
2024-08-01,Apprenticeship Levy,320.0,August,2024/25,Tax
2024-09-01,Apprenticeship Levy,327.0,September,2024/25,Tax
2024-10-01,Apprenticeship Levy,330.0,October,2024/25,Tax
2024-11-01,Apprenticeship Levy,336.0,November,2024/25,Tax
2024-12-01,Apprenticeship Levy,329.0,December,2024/25,Tax
2025-01-01,Apprenticeship Levy,356.0,January,2024/25,Tax
2025-02-01,Apprenticeship Levy,345.0,February,2024/25,Tax
2025-03-01,Apprenticeship Levy,365.0,March,2024/25,Tax
2025-04-01,Apprenticeship Levy,474.0,April,2025/26,Tax
2025-05-01,Apprenticeship Levy,333.0,May,2025/26,Tax
2025-06-01,Apprenticeship Levy,341.0,June,2025/26,Tax
2025-07-01,Apprenticeship Levy,361.0,July,2025/26,Tax
2025-08-01,Apprenticeship Levy,341.0,August,2025/26,Tax
2025-09-01,Apprenticeship Levy,349.0,September,2025/26,Tax
2025-10-01,Apprenticeship Levy,362.0,October,2025/26,Tax
2025-11-01,Apprenticeship Levy,336.0,November,2025/26,Tax
2025-12-01,Apprenticeship Levy,338.0,December,2025/26,Tax
2026-01-01,Apprenticeship Levy,375.0,January,2025/26,Tax
2026-02-01,Apprenticeship Levy,385.0,February,2025/26,Tax
2026-03-01,Apprenticeship Levy,395.0,March,2025/26,Tax
2026-04-01,Apprenticeship Levy,458.0,April,2026/27,Tax
2026-05-01,Apprenticeship Levy,359.0,May,2026/27,Tax
2026-06-01,Apprenticeship Levy,369.0,June,2026/27,Tax
2026-07-01,Apprenticeship Levy,372.0,July,2026/27,Tax
2026-08-01,Apprenticeship Levy,364.0,August,2026/27,Tax
2017-04-01,National Insurance Contributions,11721.0,April,2017/18,Tax
2017-05-01,National Insurance Contributions,9946.0,May,2017/18,Tax
2017-06-01,National Insurance Contributions,10147.0,June,2017/18,Tax
2017-07-01,National Insurance Contributions,12267.0,July,2017/18,Tax
2017-08-01,National Insurance Contributions,10549.0,August,2017/18,Tax
2017-09-01,National Insurance Contributions,10083.0,September,2017/18,Tax
2017-10-01,National Insurance Contributions,10575.0,October,2017/18,Tax
2017-11-01,National Insurance Contributions,10358.0,November,2017/18,Tax
2017-12-01,National Insurance Contributions,10400.0,December,2017/18,Tax
2018-01-01,National Insurance Contributions,12790.0,January,2017/18,Tax
2018-02-01,National Insurance Contributions,11151.0,February,2017/18,Tax
2018-03-01,National Insurance Contributions,10943.0,March,2017/18,Tax
2018-04-01,National Insurance Contributions,12379.0,April,2018/19,Tax
2018-05-01,National Insurance Contributions,10321.0,May,2018/19,Tax
2018-06-01,National Insurance Contributions,10488.0,June,2018/19,Tax
2018-07-01,National Insurance Contributions,12748.0,July,2018/19,Tax
2018-08-01,National Insurance Contributions,10947.0,August,2018/19,Tax
2018-09-01,National Insurance Contributions,10591.0,September,2018/19,Tax
2018-10-01,National Insurance Contributions,11191.0,October,2018/19,Tax
2018-11-01,National Insurance Contributions,10924.0,November,2018/19,Tax
2018-12-01,National Insurance Contributions,10906.0,December,2018/19,Tax
2019-01-01,National Insurance Contributions,13196.0,January,2018/19,Tax
2019-02-01,National Insurance Contributions,11570.0,February,2018/19,Tax
2019-03-01,National Insurance Contributions,11589.0,March,2018/19,Tax
2019-04-01,National Insurance Contributions,13210.0,April,2019/20,Tax
2019-05-01,National Insurance Contributions,10765.0,May,2019/20,Tax
2019-06-01,National Insurance Contributions,11078.0,June,2019/20,Tax
2019-07-01,National Insurance Contributions,13641.0,July,2019/20,Tax
2019-08-01,National Insurance Contributions,11379.0,August,2019/20,Tax
2019-09-01,National Insurance Contributions,11198.0,September,2019/20,Tax
2019-10-01,National Insurance Contributions,11619.0,October,2019/20,Tax
2019-11-01,National Insurance Contributions,11147.0,November,2019/20,Tax
2019-12-01,National Insurance Contributions,11523.0,December,2019/20,Tax
2020-01-01,National Insurance Contributions,13764.0,January,2019/20,Tax
2020-02-01,National Insurance Contributions,12237.0,February,2019/20,Tax
2020-03-01,National Insurance Contributions,11309.0,March,2019/20,Tax
2020-04-01,National Insurance Contributions,11049.0,April,2020/21,Tax
2020-05-01,National Insurance Contributions,9425.0,May,2020/21,Tax
2020-06-01,National Insurance Contributions,11288.0,June,2020/21,Tax
2020-07-01,National Insurance Contributions,13703.0,July,2020/21,Tax
2020-08-01,National Insurance Contributions,11513.0,August,2020/21,Tax
2020-09-01,National Insurance Contributions,11635.0,September,2020/21,Tax
2020-10-01,National Insurance Contributions,11524.0,October,2020/21,Tax
2020-11-01,National Insurance Contributions,11675.0,November,2020/21,Tax
2020-12-01,National Insurance Contributions,12214.0,December,2020/21,Tax
2021-01-01,National Insurance Contributions,14347.0,January,2020/21,Tax
2021-02-01,National Insurance Contributions,12471.0,February,2020/21,Tax
2021-03-01,National Insurance Contributions,12616.0,March,2020/21,Tax
2021-04-01,National Insurance Contributions,13382.0,April,2021/22,Tax
2021-05-01,National Insurance Contributions,11566.0,May,2021/22,Tax
2021-06-01,National Insurance Contributions,12537.0,June,2021/22,Tax
2021-07-01,National Insurance Contributions,14050.0,July,2021/22,Tax
2021-08-01,National Insurance Contributions,12418.0,August,2021/22,Tax
2021-09-01,National Insurance Contributions,12591.0,September,2021/22,Tax
2021-10-01,National Insurance Contributions,12438.0,October,2021/22,Tax
2021-11-01,National Insurance Contributions,12772.0,November,2021/22,Tax
2021-12-01,National Insurance Contributions,12836.0,December,2021/22,Tax
2022-01-01,National Insurance Contributions,15275.0,January,2021/22,Tax
2022-02-01,National Insurance Contributions,14110.0,February,2021/22,Tax
2022-03-01,National Insurance Contributions,14068.0,March,2021/22,Tax
2022-04-01,National Insurance Contributions,15651.0,April,2022/23,Tax
2022-05-01,National Insurance Contributions,13976.0,May,2022/23,Tax
2022-06-01,National Insurance Contributions,14509.0,June,2022/23,Tax
2022-07-01,National Insurance Contributions,16356.0,July,2022/23,Tax
2022-08-01,National Insurance Contributions,14653.0,August,2022/23,Tax
2022-09-01,National Insurance Contributions,13969.0,September,2022/23,Tax
2022-10-01,National Insurance Contributions,14524.0,October,2022/23,Tax
2022-11-01,National Insurance Contributions,14643.0,November,2022/23,Tax
2022-12-01,National Insurance Contributions,13622.0,December,2022/23,Tax
2023-01-01,National Insurance Contributions,16487.0,January,2022/23,Tax
2023-02-01,National Insurance Contributions,14370.0,February,2022/23,Tax
2023-03-01,National Insurance Contributions,14685.0,March,2022/23,Tax
2023-04-01,National Insurance Contributions,16564.0,April,2023/24,Tax
2023-05-01,National Insurance Contributions,13948.0,May,2023/24,Tax
2023-06-01,National Insurance Contributions,13852.0,June,2023/24,Tax
2023-07-01,National Insurance Contributions,16708.0,July,2023/24,Tax
2023-08-01,National Insurance Contributions,14422.0,August,2023/24,Tax
2023-09-01,National Insurance Contributions,13808.0,September,2023/24,Tax
2023-10-01,National Insurance Contributions,14396.0,October,2023/24,Tax
2023-11-01,National Insurance Contributions,14315.0,November,2023/24,Tax
2023-12-01,National Insurance Contributions,14167.0,December,2023/24,Tax
2024-01-01,National Insurance Contributions,18022.0,January,2023/24,Tax
2024-02-01,National Insurance Contributions,14412.0,February,2023/24,Tax
2024-03-01,National Insurance Contributions,14575.0,March,2023/24,Tax
2024-04-01,National Insurance Contributions,17178.0,April,2024/25,Tax
2024-05-01,National Insurance Contributions,12856.0,May,2024/25,Tax
2024-06-01,National Insurance Contributions,12988.0,June,2024/25,Tax
2024-07-01,National Insurance Contributions,15607.0,July,2024/25,Tax
2024-08-01,National Insurance Contributions,13189.0,August,2024/25,Tax
2024-09-01,National Insurance Contributions,13031.0,September,2024/25,Tax
2024-10-01,National Insurance Contributions,13542.0,October,2024/25,Tax
2024-11-01,National Insurance Contributions,13496.0,November,2024/25,Tax
2024-12-01,National Insurance Contributions,14011.0,December,2024/25,Tax
2025-01-01,National Insurance Contributions,16920.0,January,2024/25,Tax
2025-02-01,National Insurance Contributions,14563.0,February,2024/25,Tax
2025-03-01,National Insurance Contributions,15137.0,March,2024/25,Tax
2025-04-01,National Insurance Contributions,17568.0,April,2025/26,Tax
2025-05-01,National Insurance Contributions,14941.0,May,2025/26,Tax
2025-06-01,National Insurance Contributions,15313.0,June,2025/26,Tax
2025-07-01,National Insurance Contributions,18164.0,July,2025/26,Tax
2025-08-01,National Insurance Contributions,15810.0,August,2025/26,Tax
2025-09-01,National Insurance Contributions,16400.0,September,2025/26,Tax
2025-10-01,National Insurance Contributions,16181.0,October,2025/26,Tax
2025-11-01,National Insurance Contributions,16079.0,November,2025/26,Tax
2025-12-01,National Insurance Contributions,16780.0,December,2025/26,Tax
2026-01-01,National Insurance Contributions,18579.0,January,2025/26,Tax
2026-02-01,National Insurance Contributions,17316.0,February,2025/26,Tax
2026-03-01,National Insurance Contributions,17698.0,March,2025/26,Tax
2026-04-01,National Insurance Contributions,20918.0,April,2026/27,Tax
2026-05-01,National Insurance Contributions,14760.0,May,2026/27,Tax
2026-06-01,National Insurance Contributions,16738.0,June,2026/27,Tax
2026-07-01,National Insurance Contributions,19074.0,July,2026/27,Tax
2026-08-01,National Insurance Contributions,16641.0,August,2026/27,Tax
2017-04-01,PAYE NIC1 (EMP'er),7133.0,April,2017/18,Component
2017-05-01,PAYE NIC1 (EMP'er),5373.0,May,2017/18,Component
2017-06-01,PAYE NIC1 (EMP'er),5670.0,June,2017/18,Component
2017-07-01,PAYE NIC1 (EMP'er),6391.0,July,2017/18,Component
2017-08-01,PAYE NIC1 (EMP'er),6216.0,August,2017/18,Component
2017-09-01,PAYE NIC1 (EMP'er),5638.0,September,2017/18,Component
2017-10-01,PAYE NIC1 (EMP'er),5869.0,October,2017/18,Component
2017-11-01,PAYE NIC1 (EMP'er),5767.0,November,2017/18,Component
2017-12-01,PAYE NIC1 (EMP'er),5807.0,December,2017/18,Component
2018-01-01,PAYE NIC1 (EMP'er),6313.0,January,2017/18,Component
2018-02-01,PAYE NIC1 (EMP'er),6029.0,February,2017/18,Component
2018-03-01,PAYE NIC1 (EMP'er),6336.0,March,2017/18,Component
2018-04-01,PAYE NIC1 (EMP'er),7604.0,April,2018/19,Component
2018-05-01,PAYE NIC1 (EMP'er),5563.0,May,2018/19,Component
2018-06-01,PAYE NIC1 (EMP'er),5855.0,June,2018/19,Component
2018-07-01,PAYE NIC1 (EMP'er),7198.0,July,2018/19,Component
2018-08-01,PAYE NIC1 (EMP'er),6080.0,August,2018/19,Component
2018-09-01,PAYE NIC1 (EMP'er),5916.0,September,2018/19,Component
2018-10-01,PAYE NIC1 (EMP'er),6182.0,October,2018/19,Component
2018-11-01,PAYE NIC1 (EMP'er),6027.0,November,2018/19,Component
2018-12-01,PAYE NIC1 (EMP'er),6006.0,December,2018/19,Component
2019-01-01,PAYE NIC1 (EMP'er),6618.0,January,2018/19,Component
2019-02-01,PAYE NIC1 (EMP'er),6358.0,February,2018/19,Component
2019-03-01,PAYE NIC1 (EMP'er),6691.0,March,2018/19,Component
2019-04-01,PAYE NIC1 (EMP'er),8011.0,April,2019/20,Component
2019-05-01,PAYE NIC1 (EMP'er),5778.0,May,2019/20,Component
2019-06-01,PAYE NIC1 (EMP'er),6167.0,June,2019/20,Component
2019-07-01,PAYE NIC1 (EMP'er),7627.0,July,2019/20,Component
2019-08-01,PAYE NIC1 (EMP'er),6265.0,August,2019/20,Component
2019-09-01,PAYE NIC1 (EMP'er),6186.0,September,2019/20,Component
2019-10-01,PAYE NIC1 (EMP'er),6476.0,October,2019/20,Component
2019-11-01,PAYE NIC1 (EMP'er),6212.0,November,2019/20,Component
2019-12-01,PAYE NIC1 (EMP'er),6368.0,December,2019/20,Component
2020-01-01,PAYE NIC1 (EMP'er),6797.0,January,2019/20,Component
2020-02-01,PAYE NIC1 (EMP'er),6757.0,February,2019/20,Component
2020-03-01,PAYE NIC1 (EMP'er),6462.0,March,2019/20,Component
2020-04-01,PAYE NIC1 (EMP'er),6702.0,April,2020/21,Component
2020-05-01,PAYE NIC1 (EMP'er),5193.0,May,2020/21,Component
2020-06-01,PAYE NIC1 (EMP'er),6378.0,June,2020/21,Component
2020-07-01,PAYE NIC1 (EMP'er),7982.0,July,2020/21,Component
2020-08-01,PAYE NIC1 (EMP'er),6451.0,August,2020/21,Component
2020-09-01,PAYE NIC1 (EMP'er),6589.0,September,2020/21,Component
2020-10-01,PAYE NIC1 (EMP'er),6547.0,October,2020/21,Component
2020-11-01,PAYE NIC1 (EMP'er),6599.0,November,2020/21,Component
2020-12-01,PAYE NIC1 (EMP'er),6815.0,December,2020/21,Component
2021-01-01,PAYE NIC1 (EMP'er),6973.0,January,2020/21,Component
2021-02-01,PAYE NIC1 (EMP'er),7129.0,February,2020/21,Component
2021-03-01,PAYE NIC1 (EMP'er),7440.0,March,2020/21,Component
2021-04-01,PAYE NIC1 (EMP'er),8150.0,April,2021/22,Component
2021-05-01,PAYE NIC1 (EMP'er),6456.0,May,2021/22,Component
2021-06-01,PAYE NIC1 (EMP'er),7083.0,June,2021/22,Component
2021-07-01,PAYE NIC1 (EMP'er),8000.0,July,2021/22,Component
2021-08-01,PAYE NIC1 (EMP'er),6990.0,August,2021/22,Component
2021-09-01,PAYE NIC1 (EMP'er),7102.0,September,2021/22,Component
2021-10-01,PAYE NIC1 (EMP'er),7076.0,October,2021/22,Component
2021-11-01,PAYE NIC1 (EMP'er),7231.0,November,2021/22,Component
2021-12-01,PAYE NIC1 (EMP'er),7202.0,December,2021/22,Component
2022-01-01,PAYE NIC1 (EMP'er),7724.0,January,2021/22,Component
2022-02-01,PAYE NIC1 (EMP'er),8128.0,February,2021/22,Component
2022-03-01,PAYE NIC1 (EMP'er),8371.0,March,2021/22,Component
2022-04-01,PAYE NIC1 (EMP'er),9750.0,April,2022/23,Component
2022-05-01,PAYE NIC1 (EMP'er),7713.0,May,2022/23,Component
2022-06-01,PAYE NIC1 (EMP'er),8149.0,June,2022/23,Component
2022-07-01,PAYE NIC1 (EMP'er),9170.0,July,2022/23,Component
2022-08-01,PAYE NIC1 (EMP'er),8646.0,August,2022/23,Component
2022-09-01,PAYE NIC1 (EMP'er),8245.0,September,2022/23,Component
2022-10-01,PAYE NIC1 (EMP'er),8604.0,October,2022/23,Component
2022-11-01,PAYE NIC1 (EMP'er),8706.0,November,2022/23,Component
2022-12-01,PAYE NIC1 (EMP'er),8134.0,December,2022/23,Component
2023-01-01,PAYE NIC1 (EMP'er),8645.0,January,2022/23,Component
2023-02-01,PAYE NIC1 (EMP'er),8702.0,February,2022/23,Component
2023-03-01,PAYE NIC1 (EMP'er),9138.0,March,2022/23,Component
2023-04-01,PAYE NIC1 (EMP'er),10827.0,April,2023/24,Component
2023-05-01,PAYE NIC1 (EMP'er),8414.0,May,2023/24,Component
2023-06-01,PAYE NIC1 (EMP'er),8301.0,June,2023/24,Component
2023-07-01,PAYE NIC1 (EMP'er),9850.0,July,2023/24,Component
2023-08-01,PAYE NIC1 (EMP'er),8685.0,August,2023/24,Component
2023-09-01,PAYE NIC1 (EMP'er),8371.0,September,2023/24,Component
2023-10-01,PAYE NIC1 (EMP'er),8635.0,October,2023/24,Component
2023-11-01,PAYE NIC1 (EMP'er),8604.0,November,2023/24,Component
2023-12-01,PAYE NIC1 (EMP'er),8429.0,December,2023/24,Component
2024-01-01,PAYE NIC1 (EMP'er),9608.0,January,2023/24,Component
2024-02-01,PAYE NIC1 (EMP'er),9159.0,February,2023/24,Component
2024-03-01,PAYE NIC1 (EMP'er),9619.0,March,2023/24,Component
2024-04-01,PAYE NIC1 (EMP'er),11756.0,April,2024/25,Component
2024-05-01,PAYE NIC1 (EMP'er),8738.0,May,2024/25,Component
2024-06-01,PAYE NIC1 (EMP'er),8848.0,June,2024/25,Component
2024-07-01,PAYE NIC1 (EMP'er),10404.0,July,2024/25,Component
2024-08-01,PAYE NIC1 (EMP'er),8980.0,August,2024/25,Component
2024-09-01,PAYE NIC1 (EMP'er),8895.0,September,2024/25,Component
2024-10-01,PAYE NIC1 (EMP'er),9170.0,October,2024/25,Component
2024-11-01,PAYE NIC1 (EMP'er),9200.0,November,2024/25,Component
2024-12-01,PAYE NIC1 (EMP'er),9493.0,December,2024/25,Component
2025-01-01,PAYE NIC1 (EMP'er),10182.0,January,2024/25,Component
2025-02-01,PAYE NIC1 (EMP'er),9880.0,February,2024/25,Component
2025-03-01,PAYE NIC1 (EMP'er),10522.0,March,2024/25,Component
2025-04-01,PAYE NIC1 (EMP'er),12665.0,April,2025/26,Component
2025-05-01,PAYE NIC1 (EMP'er),10664.0,May,2025/26,Component
2025-06-01,PAYE NIC1 (EMP'er),10954.0,June,2025/26,Component
2025-07-01,PAYE NIC1 (EMP'er),12852.0,July,2025/26,Component
2025-08-01,PAYE NIC1 (EMP'er),11400.0,August,2025/26,Component
2025-09-01,PAYE NIC1 (EMP'er),11853.0,September,2025/26,Component
2025-10-01,PAYE NIC1 (EMP'er),11638.0,October,2025/26,Component
2025-11-01,PAYE NIC1 (EMP'er),11638.0,November,2025/26,Component
2025-12-01,PAYE NIC1 (EMP'er),11940.0,December,2025/26,Component
2026-01-01,PAYE NIC1 (EMP'er),12599.0,January,2025/26,Component
2026-02-01,PAYE NIC1 (EMP'er),12597.0,February,2025/26,Component
2026-03-01,PAYE NIC1 (EMP'er),13104.0,March,2025/26,Component
2026-04-01,PAYE NIC1 (EMP'er),15551.0,April,2026/27,Component
2026-05-01,PAYE NIC1 (EMP'er),11307.0,May,2026/27,Component
2026-06-01,PAYE NIC1 (EMP'er),12048.0,June,2026/27,Component
2026-07-01,PAYE NIC1 (EMP'er),13185.0,July,2026/27,Component
2026-08-01,PAYE NIC1 (EMP'er),12449.0,August,2026/27,Component
2017-04-01,PAYE NIC1 (EMP'ee),4281.0,April,2017/18,Component
2017-05-01,PAYE NIC1 (EMP'ee),4339.0,May,2017/18,Component
2017-06-01,PAYE NIC1 (EMP'ee),4193.0,June,2017/18,Component
2017-07-01,PAYE NIC1 (EMP'ee),4724.0,July,2017/18,Component
2017-08-01,PAYE NIC1 (EMP'ee),3931.0,August,2017/18,Component
2017-09-01,PAYE NIC1 (EMP'ee),4204.0,September,2017/18,Component
2017-10-01,PAYE NIC1 (EMP'ee),4283.0,October,2017/18,Component
2017-11-01,PAYE NIC1 (EMP'ee),4369.0,November,2017/18,Component
2017-12-01,PAYE NIC1 (EMP'ee),4223.0,December,2017/18,Component
2018-01-01,PAYE NIC1 (EMP'ee),4503.0,January,2017/18,Component
2018-02-01,PAYE NIC1 (EMP'ee),4239.0,February,2017/18,Component
2018-03-01,PAYE NIC1 (EMP'ee),4289.0,March,2017/18,Component
2018-04-01,PAYE NIC1 (EMP'ee),4519.0,April,2018/19,Component
2018-05-01,PAYE NIC1 (EMP'ee),4485.0,May,2018/19,Component
2018-06-01,PAYE NIC1 (EMP'ee),4336.0,June,2018/19,Component
2018-07-01,PAYE NIC1 (EMP'ee),4487.0,July,2018/19,Component
2018-08-01,PAYE NIC1 (EMP'ee),4463.0,August,2018/19,Component
2018-09-01,PAYE NIC1 (EMP'ee),4377.0,September,2018/19,Component
2018-10-01,PAYE NIC1 (EMP'ee),4554.0,October,2018/19,Component
2018-11-01,PAYE NIC1 (EMP'ee),4409.0,November,2018/19,Component
2018-12-01,PAYE NIC1 (EMP'ee),4436.0,December,2018/19,Component
2019-01-01,PAYE NIC1 (EMP'ee),4666.0,January,2018/19,Component
2019-02-01,PAYE NIC1 (EMP'ee),4458.0,February,2018/19,Component
2019-03-01,PAYE NIC1 (EMP'ee),4511.0,March,2018/19,Component
2019-04-01,PAYE NIC1 (EMP'ee),4877.0,April,2019/20,Component
2019-05-01,PAYE NIC1 (EMP'ee),4682.0,May,2019/20,Component
2019-06-01,PAYE NIC1 (EMP'ee),4606.0,June,2019/20,Component
2019-07-01,PAYE NIC1 (EMP'ee),4855.0,July,2019/20,Component
2019-08-01,PAYE NIC1 (EMP'ee),4666.0,August,2019/20,Component
2019-09-01,PAYE NIC1 (EMP'ee),4652.0,September,2019/20,Component
2019-10-01,PAYE NIC1 (EMP'ee),4822.0,October,2019/20,Component
2019-11-01,PAYE NIC1 (EMP'ee),4643.0,November,2019/20,Component
2019-12-01,PAYE NIC1 (EMP'ee),4738.0,December,2019/20,Component
2020-01-01,PAYE NIC1 (EMP'ee),4916.0,January,2019/20,Component
2020-02-01,PAYE NIC1 (EMP'ee),4742.0,February,2019/20,Component
2020-03-01,PAYE NIC1 (EMP'ee),4419.0,March,2019/20,Component
2020-04-01,PAYE NIC1 (EMP'ee),4139.0,April,2020/21,Component
2020-05-01,PAYE NIC1 (EMP'ee),4007.0,May,2020/21,Component
2020-06-01,PAYE NIC1 (EMP'ee),4634.0,June,2020/21,Component
2020-07-01,PAYE NIC1 (EMP'ee),4927.0,July,2020/21,Component
2020-08-01,PAYE NIC1 (EMP'ee),4597.0,August,2020/21,Component
2020-09-01,PAYE NIC1 (EMP'ee),4753.0,September,2020/21,Component
2020-10-01,PAYE NIC1 (EMP'ee),4660.0,October,2020/21,Component
2020-11-01,PAYE NIC1 (EMP'ee),4731.0,November,2020/21,Component
2020-12-01,PAYE NIC1 (EMP'ee),4865.0,December,2020/21,Component
2021-01-01,PAYE NIC1 (EMP'ee),4722.0,January,2020/21,Component
2021-02-01,PAYE NIC1 (EMP'ee),4754.0,February,2020/21,Component
2021-03-01,PAYE NIC1 (EMP'ee),4801.0,March,2020/21,Component
2021-04-01,PAYE NIC1 (EMP'ee),4867.0,April,2021/22,Component
2021-05-01,PAYE NIC1 (EMP'ee),4760.0,May,2021/22,Component
2021-06-01,PAYE NIC1 (EMP'ee),4976.0,June,2021/22,Component
2021-07-01,PAYE NIC1 (EMP'ee),4948.0,July,2021/22,Component
2021-08-01,PAYE NIC1 (EMP'ee),4886.0,August,2021/22,Component
2021-09-01,PAYE NIC1 (EMP'ee),5022.0,September,2021/22,Component
2021-10-01,PAYE NIC1 (EMP'ee),4980.0,October,2021/22,Component
2021-11-01,PAYE NIC1 (EMP'ee),5108.0,November,2021/22,Component
2021-12-01,PAYE NIC1 (EMP'ee),5078.0,December,2021/22,Component
2022-01-01,PAYE NIC1 (EMP'ee),5112.0,January,2021/22,Component
2022-02-01,PAYE NIC1 (EMP'ee),5257.0,February,2021/22,Component
2022-03-01,PAYE NIC1 (EMP'ee),5215.0,March,2021/22,Component
2022-04-01,PAYE NIC1 (EMP'ee),5478.0,April,2022/23,Component
2022-05-01,PAYE NIC1 (EMP'ee),5884.0,May,2022/23,Component
2022-06-01,PAYE NIC1 (EMP'ee),5908.0,June,2022/23,Component
2022-07-01,PAYE NIC1 (EMP'ee),5952.0,July,2022/23,Component
2022-08-01,PAYE NIC1 (EMP'ee),5444.0,August,2022/23,Component
2022-09-01,PAYE NIC1 (EMP'ee),5294.0,September,2022/23,Component
2022-10-01,PAYE NIC1 (EMP'ee),5495.0,October,2022/23,Component
2022-11-01,PAYE NIC1 (EMP'ee),5558.0,November,2022/23,Component
2022-12-01,PAYE NIC1 (EMP'ee),4956.0,December,2022/23,Component
2023-01-01,PAYE NIC1 (EMP'ee),5043.0,January,2022/23,Component
2023-02-01,PAYE NIC1 (EMP'ee),5011.0,February,2022/23,Component
2023-03-01,PAYE NIC1 (EMP'ee),5025.0,March,2022/23,Component
2023-04-01,PAYE NIC1 (EMP'ee),5425.0,April,2023/24,Component
2023-05-01,PAYE NIC1 (EMP'ee),5188.0,May,2023/24,Component
2023-06-01,PAYE NIC1 (EMP'ee),5130.0,June,2023/24,Component
2023-07-01,PAYE NIC1 (EMP'ee),5407.0,July,2023/24,Component
2023-08-01,PAYE NIC1 (EMP'ee),5312.0,August,2023/24,Component
2023-09-01,PAYE NIC1 (EMP'ee),5146.0,September,2023/24,Component
2023-10-01,PAYE NIC1 (EMP'ee),5281.0,October,2023/24,Component
2023-11-01,PAYE NIC1 (EMP'ee),5301.0,November,2023/24,Component
2023-12-01,PAYE NIC1 (EMP'ee),5263.0,December,2023/24,Component
2024-01-01,PAYE NIC1 (EMP'ee),5672.0,January,2023/24,Component
2024-02-01,PAYE NIC1 (EMP'ee),4544.0,February,2023/24,Component
2024-03-01,PAYE NIC1 (EMP'ee),4568.0,March,2023/24,Component
2024-04-01,PAYE NIC1 (EMP'ee),5091.0,April,2024/25,Component
2024-05-01,PAYE NIC1 (EMP'ee),3779.0,May,2024/25,Component
2024-06-01,PAYE NIC1 (EMP'ee),3783.0,June,2024/25,Component
2024-07-01,PAYE NIC1 (EMP'ee),3976.0,July,2024/25,Component
2024-08-01,PAYE NIC1 (EMP'ee),3778.0,August,2024/25,Component
2024-09-01,PAYE NIC1 (EMP'ee),3758.0,September,2024/25,Component
2024-10-01,PAYE NIC1 (EMP'ee),3915.0,October,2024/25,Component
2024-11-01,PAYE NIC1 (EMP'ee),3912.0,November,2024/25,Component
2024-12-01,PAYE NIC1 (EMP'ee),3975.0,December,2024/25,Component
2025-01-01,PAYE NIC1 (EMP'ee),4148.0,January,2024/25,Component
2025-02-01,PAYE NIC1 (EMP'ee),3955.0,February,2024/25,Component
2025-03-01,PAYE NIC1 (EMP'ee),3988.0,March,2024/25,Component
2025-04-01,PAYE NIC1 (EMP'ee),4482.0,April,2025/26,Component
2025-05-01,PAYE NIC1 (EMP'ee),3899.0,May,2025/26,Component
2025-06-01,PAYE NIC1 (EMP'ee),3915.0,June,2025/26,Component
2025-07-01,PAYE NIC1 (EMP'ee),4196.0,July,2025/26,Component
2025-08-01,PAYE NIC1 (EMP'ee),3983.0,August,2025/26,Component
2025-09-01,PAYE NIC1 (EMP'ee),4150.0,September,2025/26,Component
2025-10-01,PAYE NIC1 (EMP'ee),4088.0,October,2025/26,Component
2025-11-01,PAYE NIC1 (EMP'ee),4000.0,November,2025/26,Component
2025-12-01,PAYE NIC1 (EMP'ee),4124.0,December,2025/26,Component
2026-01-01,PAYE NIC1 (EMP'ee),4226.0,January,2025/26,Component
2026-02-01,PAYE NIC1 (EMP'ee),4153.0,February,2025/26,Component
2026-03-01,PAYE NIC1 (EMP'ee),4186.0,March,2025/26,Component
2026-04-01,PAYE NIC1 (EMP'ee),4642.0,April,2026/27,Component
2026-05-01,PAYE NIC1 (EMP'ee),4130.0,May,2026/27,Component
2026-06-01,PAYE NIC1 (EMP'ee),4274.0,June,2026/27,Component
2026-07-01,PAYE NIC1 (EMP'ee),4222.0,July,2026/27,Component
2026-08-01,PAYE NIC1 (EMP'ee),4273.0,August,2026/27,Component
2017-04-01,SA NIC2&4,-12.0,April,2017/18,Component
2017-05-01,SA NIC2&4,-22.0,May,2017/18,Component
2017-06-01,SA NIC2&4,16.0,June,2017/18,Component
2017-07-01,SA NIC2&4,913.0,July,2017/18,Component
2017-08-01,SA NIC2&4,153.0,August,2017/18,Component
2017-09-01,SA NIC2&4,16.0,September,2017/18,Component
2017-10-01,SA NIC2&4,9.0,October,2017/18,Component
2017-11-01,SA NIC2&4,11.0,November,2017/18,Component
2017-12-01,SA NIC2&4,126.0,December,2017/18,Component
2018-01-01,SA NIC2&4,1724.0,January,2017/18,Component
2018-02-01,SA NIC2&4,577.0,February,2017/18,Component
2018-03-01,SA NIC2&4,82.0,March,2017/18,Component
2018-04-01,SA NIC2&4,-6.0,April,2018/19,Component
2018-05-01,SA NIC2&4,-9.0,May,2018/19,Component
2018-06-01,SA NIC2&4,20.0,June,2018/19,Component
2018-07-01,SA NIC2&4,830.0,July,2018/19,Component
2018-08-01,SA NIC2&4,123.0,August,2018/19,Component
2018-09-01,SA NIC2&4,21.0,September,2018/19,Component
2018-10-01,SA NIC2&4,14.0,October,2018/19,Component
2018-11-01,SA NIC2&4,12.0,November,2018/19,Component
2018-12-01,SA NIC2&4,127.0,December,2018/19,Component
2019-01-01,SA NIC2&4,1614.0,January,2018/19,Component
2019-02-01,SA NIC2&4,437.0,February,2018/19,Component
2019-03-01,SA NIC2&4,61.0,March,2018/19,Component
2019-04-01,SA NIC2&4,-17.0,April,2019/20,Component
2019-05-01,SA NIC2&4,-23.0,May,2019/20,Component
2019-06-01,SA NIC2&4,15.0,June,2019/20,Component
2019-07-01,SA NIC2&4,881.0,July,2019/20,Component
2019-08-01,SA NIC2&4,160.0,August,2019/20,Component
2019-09-01,SA NIC2&4,28.0,September,2019/20,Component
2019-10-01,SA NIC2&4,11.0,October,2019/20,Component
2019-11-01,SA NIC2&4,22.0,November,2019/20,Component
2019-12-01,SA NIC2&4,133.0,December,2019/20,Component
2020-01-01,SA NIC2&4,1750.0,January,2019/20,Component
2020-02-01,SA NIC2&4,416.0,February,2019/20,Component
2020-03-01,SA NIC2&4,68.0,March,2019/20,Component
2020-04-01,SA NIC2&4,-84.0,April,2020/21,Component
2020-05-01,SA NIC2&4,-24.0,May,2020/21,Component
2020-06-01,SA NIC2&4,12.0,June,2020/21,Component
2020-07-01,SA NIC2&4,529.0,July,2020/21,Component
2020-08-01,SA NIC2&4,207.0,August,2020/21,Component
2020-09-01,SA NIC2&4,41.0,September,2020/21,Component
2020-10-01,SA NIC2&4,41.0,October,2020/21,Component
2020-11-01,SA NIC2&4,78.0,November,2020/21,Component
2020-12-01,SA NIC2&4,272.0,December,2020/21,Component
2021-01-01,SA NIC2&4,2390.0,January,2020/21,Component
2021-02-01,SA NIC2&4,330.0,February,2020/21,Component
2021-03-01,SA NIC2&4,86.0,March,2020/21,Component
2021-04-01,SA NIC2&4,31.0,April,2021/22,Component
2021-05-01,SA NIC2&4,33.0,May,2021/22,Component
2021-06-01,SA NIC2&4,81.0,June,2021/22,Component
2021-07-01,SA NIC2&4,900.0,July,2021/22,Component
2021-08-01,SA NIC2&4,234.0,August,2021/22,Component
2021-09-01,SA NIC2&4,74.0,September,2021/22,Component
2021-10-01,SA NIC2&4,39.0,October,2021/22,Component
2021-11-01,SA NIC2&4,64.0,November,2021/22,Component
2021-12-01,SA NIC2&4,253.0,December,2021/22,Component
2022-01-01,SA NIC2&4,2108.0,January,2021/22,Component
2022-02-01,SA NIC2&4,390.0,February,2021/22,Component
2022-03-01,SA NIC2&4,177.0,March,2021/22,Component
2022-04-01,SA NIC2&4,31.0,April,2022/23,Component
2022-05-01,SA NIC2&4,16.0,May,2022/23,Component
2022-06-01,SA NIC2&4,76.0,June,2022/23,Component
2022-07-01,SA NIC2&4,865.0,July,2022/23,Component
2022-08-01,SA NIC2&4,215.0,August,2022/23,Component
2022-09-01,SA NIC2&4,61.0,September,2022/23,Component
2022-10-01,SA NIC2&4,44.0,October,2022/23,Component
2022-11-01,SA NIC2&4,64.0,November,2022/23,Component
2022-12-01,SA NIC2&4,220.0,December,2022/23,Component
2023-01-01,SA NIC2&4,2351.0,January,2022/23,Component
2023-02-01,SA NIC2&4,329.0,February,2022/23,Component
2023-03-01,SA NIC2&4,79.0,March,2022/23,Component
2023-04-01,SA NIC2&4,-20.0,April,2023/24,Component
2023-05-01,SA NIC2&4,-3.0,May,2023/24,Component
2023-06-01,SA NIC2&4,72.0,June,2023/24,Component
2023-07-01,SA NIC2&4,1143.0,July,2023/24,Component
2023-08-01,SA NIC2&4,147.0,August,2023/24,Component
2023-09-01,SA NIC2&4,14.0,September,2023/24,Component
2023-10-01,SA NIC2&4,29.0,October,2023/24,Component
2023-11-01,SA NIC2&4,54.0,November,2023/24,Component
2023-12-01,SA NIC2&4,169.0,December,2023/24,Component
2024-01-01,SA NIC2&4,2407.0,January,2023/24,Component
2024-02-01,SA NIC2&4,410.0,February,2023/24,Component
2024-03-01,SA NIC2&4,81.0,March,2023/24,Component
2024-04-01,SA NIC2&4,-27.0,April,2024/25,Component
2024-05-01,SA NIC2&4,-4.0,May,2024/25,Component
2024-06-01,SA NIC2&4,50.0,June,2024/25,Component
2024-07-01,SA NIC2&4,909.0,July,2024/25,Component
2024-08-01,SA NIC2&4,107.0,August,2024/25,Component
2024-09-01,SA NIC2&4,32.0,September,2024/25,Component
2024-10-01,SA NIC2&4,31.0,October,2024/25,Component
2024-11-01,SA NIC2&4,42.0,November,2024/25,Component
2024-12-01,SA NIC2&4,174.0,December,2024/25,Component
2025-01-01,SA NIC2&4,2168.0,January,2024/25,Component
2025-02-01,SA NIC2&4,272.0,February,2024/25,Component
2025-03-01,SA NIC2&4,50.0,March,2024/25,Component
2025-04-01,SA NIC2&4,-26.0,April,2025/26,Component
2025-05-01,SA NIC2&4,4.0,May,2025/26,Component
2025-06-01,SA NIC2&4,42.0,June,2025/26,Component
2025-07-01,SA NIC2&4,735.0,July,2025/26,Component
2025-08-01,SA NIC2&4,62.0,August,2025/26,Component
2025-09-01,SA NIC2&4,24.0,September,2025/26,Component
2025-10-01,SA NIC2&4,21.0,October,2025/26,Component
2025-11-01,SA NIC2&4,28.0,November,2025/26,Component
2025-12-01,SA NIC2&4,145.0,December,2025/26,Component
2026-01-01,SA NIC2&4,1351.0,January,2025/26,Component
2026-02-01,SA NIC2&4,206.0,February,2025/26,Component
2026-03-01,SA NIC2&4,26.0,March,2025/26,Component
2026-04-01,SA NIC2&4,-30.0,April,2026/27,Component
2026-05-01,SA NIC2&4,0.0,May,2026/27,Component
2026-06-01,SA NIC2&4,51.0,June,2026/27,Component
2026-07-01,SA NIC2&4,794.0,July,2026/27,Component
2026-08-01,SA NIC2&4,69.0,August,2026/27,Component
2017-04-01,Value Added Tax,13240.0,April,2017/18,Tax
2017-05-01,Value Added Tax,10528.0,May,2017/18,Tax
2017-06-01,Value Added Tax,6485.0,June,2017/18,Tax
2017-07-01,Value Added Tax,12729.0,July,2017/18,Tax
2017-08-01,Value Added Tax,10604.0,August,2017/18,Tax
2017-09-01,Value Added Tax,7812.0,September,2017/18,Tax
2017-10-01,Value Added Tax,13181.0,October,2017/18,Tax
2017-11-01,Value Added Tax,11539.0,November,2017/18,Tax
2017-12-01,Value Added Tax,7098.0,December,2017/18,Tax
2018-01-01,Value Added Tax,13904.0,January,2017/18,Tax
2018-02-01,Value Added Tax,11701.0,February,2017/18,Tax
2018-03-01,Value Added Tax,7602.0,March,2017/18,Tax
2018-04-01,Value Added Tax,12554.0,April,2018/19,Tax
2018-05-01,Value Added Tax,10896.0,May,2018/19,Tax
2018-06-01,Value Added Tax,7312.0,June,2018/19,Tax
2018-07-01,Value Added Tax,13834.0,July,2018/19,Tax
2018-08-01,Value Added Tax,11430.0,August,2018/19,Tax
2018-09-01,Value Added Tax,8273.0,September,2018/19,Tax
2018-10-01,Value Added Tax,13160.0,October,2018/19,Tax
2018-11-01,Value Added Tax,12033.0,November,2018/19,Tax
2018-12-01,Value Added Tax,7674.0,December,2018/19,Tax
2019-01-01,Value Added Tax,13701.0,January,2018/19,Tax
2019-02-01,Value Added Tax,13373.0,February,2018/19,Tax
2019-03-01,Value Added Tax,8297.0,March,2018/19,Tax
2019-04-01,Value Added Tax,13041.0,April,2019/20,Tax
2019-05-01,Value Added Tax,10994.0,May,2019/20,Tax
2019-06-01,Value Added Tax,8118.0,June,2019/20,Tax
2019-07-01,Value Added Tax,13640.0,July,2019/20,Tax
2019-08-01,Value Added Tax,12446.0,August,2019/20,Tax
2019-09-01,Value Added Tax,8254.0,September,2019/20,Tax
2019-10-01,Value Added Tax,13569.0,October,2019/20,Tax
2019-11-01,Value Added Tax,13031.0,November,2019/20,Tax
2019-12-01,Value Added Tax,7622.0,December,2019/20,Tax
2020-01-01,Value Added Tax,14476.0,January,2019/20,Tax
2020-02-01,Value Added Tax,12586.0,February,2019/20,Tax
2020-03-01,Value Added Tax,2107.0,March,2019/20,Tax
2020-04-01,Value Added Tax,-896.0,April,2020/21,Tax
2020-05-01,Value Added Tax,-583.0,May,2020/21,Tax
2020-06-01,Value Added Tax,1078.0,June,2020/21,Tax
2020-07-01,Value Added Tax,10576.0,July,2020/21,Tax
2020-08-01,Value Added Tax,10069.0,August,2020/21,Tax
2020-09-01,Value Added Tax,7797.0,September,2020/21,Tax
2020-10-01,Value Added Tax,13443.0,October,2020/21,Tax
2020-11-01,Value Added Tax,12219.0,November,2020/21,Tax
2020-12-01,Value Added Tax,8537.0,December,2020/21,Tax
2021-01-01,Value Added Tax,15368.0,January,2020/21,Tax
2021-02-01,Value Added Tax,11179.0,February,2020/21,Tax
2021-03-01,Value Added Tax,12862.0,March,2020/21,Tax
2021-04-01,Value Added Tax,14660.0,April,2021/22,Tax
2021-05-01,Value Added Tax,11838.0,May,2021/22,Tax
2021-06-01,Value Added Tax,8655.0,June,2021/22,Tax
2021-07-01,Value Added Tax,17113.0,July,2021/22,Tax
2021-08-01,Value Added Tax,14714.0,August,2021/22,Tax
2021-09-01,Value Added Tax,8326.0,September,2021/22,Tax
2021-10-01,Value Added Tax,17122.0,October,2021/22,Tax
2021-11-01,Value Added Tax,15083.0,November,2021/22,Tax
2021-12-01,Value Added Tax,9162.0,December,2021/22,Tax
2022-01-01,Value Added Tax,18567.0,January,2021/22,Tax
2022-02-01,Value Added Tax,14794.0,February,2021/22,Tax
2022-03-01,Value Added Tax,7513.0,March,2021/22,Tax
2022-04-01,Value Added Tax,17213.0,April,2022/23,Tax
2022-05-01,Value Added Tax,11309.0,May,2022/23,Tax
2022-06-01,Value Added Tax,8588.0,June,2022/23,Tax
2022-07-01,Value Added Tax,17243.0,July,2022/23,Tax
2022-08-01,Value Added Tax,12850.0,August,2022/23,Tax
2022-09-01,Value Added Tax,8628.0,September,2022/23,Tax
2022-10-01,Value Added Tax,16719.0,October,2022/23,Tax
2022-11-01,Value Added Tax,14375.0,November,2022/23,Tax
2022-12-01,Value Added Tax,8988.0,December,2022/23,Tax
2023-01-01,Value Added Tax,19662.0,January,2022/23,Tax
2023-02-01,Value Added Tax,14014.0,February,2022/23,Tax
2023-03-01,Value Added Tax,8459.0,March,2022/23,Tax
2023-04-01,Value Added Tax,17944.0,April,2023/24,Tax
2023-05-01,Value Added Tax,13712.0,May,2023/24,Tax
2023-06-01,Value Added Tax,9322.0,June,2023/24,Tax
2023-07-01,Value Added Tax,18553.0,July,2023/24,Tax
2023-08-01,Value Added Tax,15429.0,August,2023/24,Tax
2023-09-01,Value Added Tax,7514.0,September,2023/24,Tax
2023-10-01,Value Added Tax,18332.0,October,2023/24,Tax
2023-11-01,Value Added Tax,14479.0,November,2023/24,Tax
2023-12-01,Value Added Tax,8987.0,December,2023/24,Tax
2024-01-01,Value Added Tax,19719.0,January,2023/24,Tax
2024-02-01,Value Added Tax,15230.0,February,2023/24,Tax
2024-03-01,Value Added Tax,9169.0,March,2023/24,Tax
2024-04-01,Value Added Tax,17588.0,April,2024/25,Tax
2024-05-01,Value Added Tax,13472.0,May,2024/25,Tax
2024-06-01,Value Added Tax,10363.0,June,2024/25,Tax
2024-07-01,Value Added Tax,18540.0,July,2024/25,Tax
2024-08-01,Value Added Tax,14145.0,August,2024/25,Tax
2024-09-01,Value Added Tax,9146.0,September,2024/25,Tax
2024-10-01,Value Added Tax,18654.0,October,2024/25,Tax
2024-11-01,Value Added Tax,15406.0,November,2024/25,Tax
2024-12-01,Value Added Tax,8613.0,December,2024/25,Tax
2025-01-01,Value Added Tax,19317.0,January,2024/25,Tax
2025-02-01,Value Added Tax,16165.0,February,2024/25,Tax
2025-03-01,Value Added Tax,9586.0,March,2024/25,Tax
2025-04-01,Value Added Tax,18890.0,April,2025/26,Tax
2025-05-01,Value Added Tax,14848.0,May,2025/26,Tax
2025-06-01,Value Added Tax,9944.0,June,2025/26,Tax
2025-07-01,Value Added Tax,20116.0,July,2025/26,Tax
2025-08-01,Value Added Tax,13021.0,August,2025/26,Tax
2025-09-01,Value Added Tax,9870.0,September,2025/26,Tax
2025-10-01,Value Added Tax,20282.0,October,2025/26,Tax
2025-11-01,Value Added Tax,14915.0,November,2025/26,Tax
2025-12-01,Value Added Tax,9923.0,December,2025/26,Tax
2026-01-01,Value Added Tax,21753.0,January,2025/26,Tax
2026-02-01,Value Added Tax,16225.0,February,2025/26,Tax
2026-03-01,Value Added Tax,10073.0,March,2025/26,Tax
2026-04-01,Value Added Tax,18310.0,April,2026/27,Tax
2026-05-01,Value Added Tax,15950.0,May,2026/27,Tax
2026-06-01,Value Added Tax,10276.0,June,2026/27,Tax
2026-07-01,Value Added Tax,20233.0,July,2026/27,Tax
2026-08-01,Value Added Tax,15874.0,August,2026/27,Tax
2017-04-01,Corporation Tax,6676.0,April,2017/18,Tax
2017-05-01,Corporation Tax,2030.0,May,2017/18,Tax
2017-06-01,Corporation Tax,2145.0,June,2017/18,Tax
2017-07-01,Corporation Tax,7837.0,July,2017/18,Tax
2017-08-01,Corporation Tax,1921.0,August,2017/18,Tax
2017-09-01,Corporation Tax,2778.0,September,2017/18,Tax
2017-10-01,Corporation Tax,9467.0,October,2017/18,Tax
2017-11-01,Corporation Tax,1485.0,November,2017/18,Tax
2017-12-01,Corporation Tax,4021.0,December,2017/18,Tax
2018-01-01,Corporation Tax,9979.0,January,2017/18,Tax
2018-02-01,Corporation Tax,2253.0,February,2017/18,Tax
2018-03-01,Corporation Tax,2121.0,March,2017/18,Tax
2018-04-01,Corporation Tax,7246.0,April,2018/19,Tax
2018-05-01,Corporation Tax,2230.0,May,2018/19,Tax
2018-06-01,Corporation Tax,1694.0,June,2018/19,Tax
2018-07-01,Corporation Tax,8375.0,July,2018/19,Tax
2018-08-01,Corporation Tax,2072.0,August,2018/19,Tax
2018-09-01,Corporation Tax,2690.0,September,2018/19,Tax
2018-10-01,Corporation Tax,9778.0,October,2018/19,Tax
2018-11-01,Corporation Tax,2271.0,November,2018/19,Tax
2018-12-01,Corporation Tax,4061.0,December,2018/19,Tax
2019-01-01,Corporation Tax,9757.0,January,2018/19,Tax
2019-02-01,Corporation Tax,2025.0,February,2018/19,Tax
2019-03-01,Corporation Tax,2182.0,March,2018/19,Tax
2019-04-01,Corporation Tax,7312.0,April,2019/20,Tax
2019-05-01,Corporation Tax,2216.0,May,2019/20,Tax
2019-06-01,Corporation Tax,2836.0,June,2019/20,Tax
2019-07-01,Corporation Tax,9168.0,July,2019/20,Tax
2019-08-01,Corporation Tax,2156.0,August,2019/20,Tax
2019-09-01,Corporation Tax,3985.0,September,2019/20,Tax
2019-10-01,Corporation Tax,8527.0,October,2019/20,Tax
2019-11-01,Corporation Tax,2170.0,November,2019/20,Tax
2019-12-01,Corporation Tax,6133.0,December,2019/20,Tax
2020-01-01,Corporation Tax,8603.0,January,2019/20,Tax
2020-02-01,Corporation Tax,1906.0,February,2019/20,Tax
2020-03-01,Corporation Tax,6552.0,March,2019/20,Tax
2020-04-01,Corporation Tax,3332.0,April,2020/21,Tax
2020-05-01,Corporation Tax,904.0,May,2020/21,Tax
2020-06-01,Corporation Tax,4811.0,June,2020/21,Tax
2020-07-01,Corporation Tax,3028.0,July,2020/21,Tax
2020-08-01,Corporation Tax,1646.0,August,2020/21,Tax
2020-09-01,Corporation Tax,7378.0,September,2020/21,Tax
2020-10-01,Corporation Tax,3939.0,October,2020/21,Tax
2020-11-01,Corporation Tax,2319.0,November,2020/21,Tax
2020-12-01,Corporation Tax,8980.0,December,2020/21,Tax
2021-01-01,Corporation Tax,4075.0,January,2020/21,Tax
2021-02-01,Corporation Tax,2403.0,February,2020/21,Tax
2021-03-01,Corporation Tax,7674.0,March,2020/21,Tax
2021-04-01,Corporation Tax,2809.0,April,2021/22,Tax
2021-05-01,Corporation Tax,1976.0,May,2021/22,Tax
2021-06-01,Corporation Tax,8044.0,June,2021/22,Tax
2021-07-01,Corporation Tax,3630.0,July,2021/22,Tax
2021-08-01,Corporation Tax,2101.0,August,2021/22,Tax
2021-09-01,Corporation Tax,9555.0,September,2021/22,Tax
2021-10-01,Corporation Tax,4714.0,October,2021/22,Tax
2021-11-01,Corporation Tax,2404.0,November,2021/22,Tax
2021-12-01,Corporation Tax,11787.0,December,2021/22,Tax
2022-01-01,Corporation Tax,5215.0,January,2021/22,Tax
2022-02-01,Corporation Tax,2370.0,February,2021/22,Tax
2022-03-01,Corporation Tax,9140.0,March,2021/22,Tax
2022-04-01,Corporation Tax,3574.0,April,2022/23,Tax
2022-05-01,Corporation Tax,2383.0,May,2022/23,Tax
2022-06-01,Corporation Tax,8835.0,June,2022/23,Tax
2022-07-01,Corporation Tax,5792.0,July,2022/23,Tax
2022-08-01,Corporation Tax,2651.0,August,2022/23,Tax
2022-09-01,Corporation Tax,10425.0,September,2022/23,Tax
2022-10-01,Corporation Tax,7149.0,October,2022/23,Tax
2022-11-01,Corporation Tax,2714.0,November,2022/23,Tax
2022-12-01,Corporation Tax,10867.0,December,2022/23,Tax
2023-01-01,Corporation Tax,8370.0,January,2022/23,Tax
2023-02-01,Corporation Tax,3837.0,February,2022/23,Tax
2023-03-01,Corporation Tax,11298.0,March,2022/23,Tax
2023-04-01,Corporation Tax,3778.0,April,2023/24,Tax
2023-05-01,Corporation Tax,2453.0,May,2023/24,Tax
2023-06-01,Corporation Tax,11809.0,June,2023/24,Tax
2023-07-01,Corporation Tax,4996.0,July,2023/24,Tax
2023-08-01,Corporation Tax,1918.0,August,2023/24,Tax
2023-09-01,Corporation Tax,13842.0,September,2023/24,Tax
2023-10-01,Corporation Tax,5542.0,October,2023/24,Tax
2023-11-01,Corporation Tax,2777.0,November,2023/24,Tax
2023-12-01,Corporation Tax,14362.0,December,2023/24,Tax
2024-01-01,Corporation Tax,8027.0,January,2023/24,Tax
2024-02-01,Corporation Tax,3106.0,February,2023/24,Tax
2024-03-01,Corporation Tax,13048.0,March,2023/24,Tax
2024-04-01,Corporation Tax,4314.0,April,2024/25,Tax
2024-05-01,Corporation Tax,3049.0,May,2024/25,Tax
2024-06-01,Corporation Tax,12354.0,June,2024/25,Tax
2024-07-01,Corporation Tax,5434.0,July,2024/25,Tax
2024-08-01,Corporation Tax,3199.0,August,2024/25,Tax
2024-09-01,Corporation Tax,14188.0,September,2024/25,Tax
2024-10-01,Corporation Tax,6108.0,October,2024/25,Tax
2024-11-01,Corporation Tax,2429.0,November,2024/25,Tax
2024-12-01,Corporation Tax,16575.0,December,2024/25,Tax
2025-01-01,Corporation Tax,6904.0,January,2024/25,Tax
2025-02-01,Corporation Tax,2971.0,February,2024/25,Tax
2025-03-01,Corporation Tax,13388.0,March,2024/25,Tax
2025-04-01,Corporation Tax,4484.0,April,2025/26,Tax
2025-05-01,Corporation Tax,2967.0,May,2025/26,Tax
2025-06-01,Corporation Tax,13006.0,June,2025/26,Tax
2025-07-01,Corporation Tax,5806.0,July,2025/26,Tax
2025-08-01,Corporation Tax,3119.0,August,2025/26,Tax
2025-09-01,Corporation Tax,14488.0,September,2025/26,Tax
2025-10-01,Corporation Tax,5809.0,October,2025/26,Tax
2025-11-01,Corporation Tax,2566.0,November,2025/26,Tax
2025-12-01,Corporation Tax,18322.0,December,2025/26,Tax
2026-01-01,Corporation Tax,6513.0,January,2025/26,Tax
2026-02-01,Corporation Tax,2671.0,February,2025/26,Tax
2026-03-01,Corporation Tax,15354.0,March,2025/26,Tax
2026-04-01,Corporation Tax,4981.0,April,2026/27,Tax
2026-05-01,Corporation Tax,3316.0,May,2026/27,Tax
2026-06-01,Corporation Tax,15193.0,June,2026/27,Tax
2026-07-01,Corporation Tax,6332.0,July,2026/27,Tax
2026-08-01,Corporation Tax,2416.0,August,2026/27,Tax
2017-07-01,Offshore (included within Corporation Tax),483.0,July,2017/18,Component
2017-10-01,Offshore (included within Corporation Tax),603.0,October,2017/18,Component
2018-01-01,Offshore (included within Corporation Tax),671.0,January,2017/18,Component
2018-07-01,Offshore (included within Corporation Tax),526.0,July,2018/19,Component
2018-10-01,Offshore (included within Corporation Tax),772.0,October,2018/19,Component
2019-01-01,Offshore (included within Corporation Tax),614.0,January,2018/19,Component
2019-07-01,Offshore (included within Corporation Tax),469.0,July,2019/20,Component
2019-10-01,Offshore (included within Corporation Tax),401.0,October,2019/20,Component
2020-01-01,Offshore (included within Corporation Tax),404.0,January,2019/20,Component
2020-07-01,Offshore (included within Corporation Tax),84.0,July,2020/21,Component
2020-10-01,Offshore (included within Corporation Tax),173.0,October,2020/21,Component
2021-01-01,Offshore (included within Corporation Tax),241.0,January,2020/21,Component
2021-07-01,Offshore (included within Corporation Tax),394.0,July,2021/22,Component
2021-10-01,Offshore (included within Corporation Tax),699.0,October,2021/22,Component
2022-01-01,Offshore (included within Corporation Tax),903.0,January,2021/22,Component
2022-07-01,Offshore (included within Corporation Tax),1921.0,July,2022/23,Component
2022-10-01,Offshore (included within Corporation Tax),2645.0,October,2022/23,Component
2023-01-01,Offshore (included within Corporation Tax),2046.0,January,2022/23,Component
2023-07-01,Offshore (included within Corporation Tax),862.0,July,2023/24,Component
2023-10-01,Offshore (included within Corporation Tax),783.0,October,2023/24,Component
2024-01-01,Offshore (included within Corporation Tax),1306.0,January,2023/24,Component
2024-07-01,Offshore (included within Corporation Tax),505.0,July,2024/25,Component
2024-10-01,Offshore (included within Corporation Tax),332.0,October,2024/25,Component
2025-01-01,Offshore (included within Corporation Tax),1125.0,January,2024/25,Component
2025-07-01,Offshore (included within Corporation Tax),868.0,July,2025/26,Component
2025-10-01,Offshore (included within Corporation Tax),406.0,October,2025/26,Component
2026-01-01,Offshore (included within Corporation Tax),935.0,January,2025/26,Component
2026-07-01,Offshore (included within Corporation Tax),317.0,July,2026/27,Component
2017-04-01,Bank Levy,711.0,April,2017/18,Tax
2017-07-01,Bank Levy,707.0,July,2017/18,Tax
2017-10-01,Bank Levy,683.0,October,2017/18,Tax
2018-01-01,Bank Levy,662.0,January,2017/18,Tax
2018-04-01,Bank Levy,512.0,April,2018/19,Tax
2018-07-01,Bank Levy,744.0,July,2018/19,Tax
2018-10-01,Bank Levy,648.0,October,2018/19,Tax
2019-01-01,Bank Levy,687.0,January,2018/19,Tax
2019-04-01,Bank Levy,560.0,April,2019/20,Tax
2019-07-01,Bank Levy,627.0,July,2019/20,Tax
2019-10-01,Bank Levy,667.0,October,2019/20,Tax
2020-01-01,Bank Levy,617.0,January,2019/20,Tax
2020-04-01,Bank Levy,611.0,April,2020/21,Tax
2020-07-01,Bank Levy,626.0,July,2020/21,Tax
2020-10-01,Bank Levy,586.0,October,2020/21,Tax
2021-01-01,Bank Levy,520.0,January,2020/21,Tax
2021-04-01,Bank Levy,484.0,April,2021/22,Tax
2021-07-01,Bank Levy,297.0,July,2021/22,Tax
2021-10-01,Bank Levy,351.0,October,2021/22,Tax
2022-01-01,Bank Levy,336.0,January,2021/22,Tax
2022-04-01,Bank Levy,263.0,April,2022/23,Tax
2022-07-01,Bank Levy,339.0,July,2022/23,Tax
2022-10-01,Bank Levy,365.0,October,2022/23,Tax
2023-01-01,Bank Levy,366.0,January,2022/23,Tax
2023-04-01,Bank Levy,238.0,April,2023/24,Tax
2023-07-01,Bank Levy,315.0,July,2023/24,Tax
2023-10-01,Bank Levy,299.0,October,2023/24,Tax
2024-01-01,Bank Levy,577.0,January,2023/24,Tax
2024-04-01,Bank Levy,274.0,April,2024/25,Tax
2024-07-01,Bank Levy,359.0,July,2024/25,Tax
2024-10-01,Bank Levy,317.0,October,2024/25,Tax
2025-01-01,Bank Levy,369.0,January,2024/25,Tax
2025-04-01,Bank Levy,296.0,April,2025/26,Tax
2025-07-01,Bank Levy,344.0,July,2025/26,Tax
2025-10-01,Bank Levy,413.0,October,2025/26,Tax
2026-01-01,Bank Levy,390.0,January,2025/26,Tax
2026-04-01,Bank Levy,294.0,April,2026/27,Tax
2026-07-01,Bank Levy,416.0,July,2026/27,Tax
2017-04-01,Bank Surcharge,384.0,April,2017/18,Tax
2017-07-01,Bank Surcharge,501.0,July,2017/18,Tax
2017-10-01,Bank Surcharge,516.0,October,2017/18,Tax
2018-01-01,Bank Surcharge,377.0,January,2017/18,Tax
2018-04-01,Bank Surcharge,456.0,April,2018/19,Tax
2018-07-01,Bank Surcharge,502.0,July,2018/19,Tax
2018-10-01,Bank Surcharge,524.0,October,2018/19,Tax
2019-01-01,Bank Surcharge,422.0,January,2018/19,Tax
2019-04-01,Bank Surcharge,429.0,April,2019/20,Tax
2019-07-01,Bank Surcharge,467.0,July,2019/20,Tax
2019-10-01,Bank Surcharge,417.0,October,2019/20,Tax
2020-01-01,Bank Surcharge,287.0,January,2019/20,Tax
2020-03-01,Bank Surcharge,388.0,March,2019/20,Tax
2020-04-01,Bank Surcharge,301.0,April,2020/21,Tax
2020-06-01,Bank Surcharge,308.0,June,2020/21,Tax
2020-09-01,Bank Surcharge,205.0,September,2020/21,Tax
2020-12-01,Bank Surcharge,266.0,December,2020/21,Tax
2021-03-01,Bank Surcharge,329.0,March,2020/21,Tax
2021-06-01,Bank Surcharge,536.0,June,2021/22,Tax
2021-09-01,Bank Surcharge,610.0,September,2021/22,Tax
2021-12-01,Bank Surcharge,664.0,December,2021/22,Tax
2022-03-01,Bank Surcharge,526.0,March,2021/22,Tax
2022-06-01,Bank Surcharge,630.0,June,2022/23,Tax
2022-09-01,Bank Surcharge,719.0,September,2022/23,Tax
2022-12-01,Bank Surcharge,665.0,December,2022/23,Tax
2023-03-01,Bank Surcharge,566.0,March,2022/23,Tax
2023-06-01,Bank Surcharge,427.0,June,2023/24,Tax
2023-09-01,Bank Surcharge,442.0,September,2023/24,Tax
2023-12-01,Bank Surcharge,332.0,December,2023/24,Tax
2024-03-01,Bank Surcharge,245.0,March,2023/24,Tax
2024-06-01,Bank Surcharge,245.0,June,2024/25,Tax
2024-09-01,Bank Surcharge,271.0,September,2024/25,Tax
2024-12-01,Bank Surcharge,179.0,December,2024/25,Tax
2025-03-01,Bank Surcharge,278.0,March,2024/25,Tax
2025-06-01,Bank Surcharge,275.0,June,2025/26,Tax
2025-09-01,Bank Surcharge,258.0,September,2025/26,Tax
2025-12-01,Bank Surcharge,309.0,December,2025/26,Tax
2026-03-01,Bank Surcharge,328.0,March,2025/26,Tax
2026-06-01,Bank Surcharge,324.0,June,2026/27,Tax
2018-03-01,Diverted Profits Tax,219.0,March,2017/18,Tax
2019-03-01,Diverted Profits Tax,12.0,March,2018/19,Tax
2020-03-01,Diverted Profits Tax,5.0,March,2019/20,Tax
2021-03-01,Diverted Profits Tax,140.0,March,2020/21,Tax
2022-03-01,Diverted Profits Tax,220.0,March,2021/22,Tax
2023-03-01,Diverted Profits Tax,42.0,March,2022/23,Tax
2024-03-01,Diverted Profits Tax,108.0,March,2023/24,Tax
2025-03-01,Diverted Profits Tax,105.0,March,2024/25,Tax
2026-03-01,Diverted Profits Tax,604.0,March,2025/26,Tax
2022-03-01,Digital Services Tax,380.0,March,2021/22,Tax
2023-03-01,Digital Services Tax,567.0,March,2022/23,Tax
2024-03-01,Digital Services Tax,678.0,March,2023/24,Tax
2025-03-01,Digital Services Tax,808.0,March,2024/25,Tax
2026-03-01,Digital Services Tax,944.0,March,2025/26,Tax
2022-06-01,Residential Property Developer Tax,51.0,June,2022/23,Tax
2022-09-01,Residential Property Developer Tax,41.0,September,2022/23,Tax
2022-12-01,Residential Property Developer Tax,33.0,December,2022/23,Tax
2023-03-01,Residential Property Developer Tax,33.0,March,2022/23,Tax
2023-09-01,Residential Property Developer Tax,64.0,September,2023/24,Tax
2024-03-01,Residential Property Developer Tax,39.0,March,2023/24,Tax
2024-09-01,Residential Property Developer Tax,59.0,September,2024/25,Tax
2025-03-01,Residential Property Developer Tax,43.0,March,2024/25,Tax
2025-09-01,Residential Property Developer Tax,43.0,September,2025/26,Tax
2026-03-01,Residential Property Developer Tax,46.0,March,2025/26,Tax
2022-12-01,Energy Profits Levy,1660.0,December,2022/23,Tax
2023-01-01,Energy Profits Levy,972.0,January,2022/23,Tax
2023-07-01,Energy Profits Levy,1071.0,July,2023/24,Tax
2023-09-01,Energy Profits Levy,692.0,September,2023/24,Tax
2023-10-01,Energy Profits Levy,967.0,October,2023/24,Tax
2024-01-01,Energy Profits Levy,857.0,January,2023/24,Tax
2024-07-01,Energy Profits Levy,791.0,July,2024/25,Tax
2024-10-01,Energy Profits Levy,1114.0,October,2024/25,Tax
2025-01-01,Energy Profits Levy,952.0,January,2024/25,Tax
2025-07-01,Energy Profits Levy,928.0,July,2025/26,Tax
2025-10-01,Energy Profits Levy,920.0,October,2025/26,Tax
2026-01-01,Energy Profits Levy,716.0,January,2025/26,Tax
2026-07-01,Energy Profits Levy,762.0,July,2026/27,Tax
2023-09-01,Electricity Generator Levy,807.0,September,2023/24,Tax
2023-12-01,Electricity Generator Levy,330.0,December,2023/24,Tax
2024-03-01,Electricity Generator Levy,336.0,March,2023/24,Tax
2024-06-01,Electricity Generator Levy,275.0,June,2024/25,Tax
2024-09-01,Electricity Generator Levy,299.0,September,2024/25,Tax
2024-12-01,Electricity Generator Levy,130.0,December,2024/25,Tax
2025-03-01,Electricity Generator Levy,45.0,March,2024/25,Tax
2026-03-01,Electricity Generator Levy,41.0,March,2025/26,Tax
2023-09-01,Economic Crime Levy,11.0,September,2023/24,Tax
2023-10-01,Economic Crime Levy,2.0,October,2023/24,Tax
2024-09-01,Economic Crime Levy,14.0,September,2024/25,Tax
2024-10-01,Economic Crime Levy,3.0,October,2024/25,Tax
2025-09-01,Economic Crime Levy,17.0,September,2025/26,Tax
2025-10-01,Economic Crime Levy,3.0,October,2025/26,Tax
2017-04-01,Petroleum Revenue Tax,-1.0,April,2017/18,Tax
2017-05-01,Petroleum Revenue Tax,-8.0,May,2017/18,Tax
2017-06-01,Petroleum Revenue Tax,-85.0,June,2017/18,Tax
2017-07-01,Petroleum Revenue Tax,-200.0,July,2017/18,Tax
2017-08-01,Petroleum Revenue Tax,-24.0,August,2017/18,Tax
2017-09-01,Petroleum Revenue Tax,0.0,September,2017/18,Tax
2017-10-01,Petroleum Revenue Tax,0.0,October,2017/18,Tax
2017-11-01,Petroleum Revenue Tax,9.0,November,2017/18,Tax
2017-12-01,Petroleum Revenue Tax,-52.0,December,2017/18,Tax
2018-01-01,Petroleum Revenue Tax,-140.0,January,2017/18,Tax
2018-02-01,Petroleum Revenue Tax,-67.0,February,2017/18,Tax
2018-03-01,Petroleum Revenue Tax,0.0,March,2017/18,Tax
2018-04-01,Petroleum Revenue Tax,-13.0,April,2018/19,Tax
2018-05-01,Petroleum Revenue Tax,0.0,May,2018/19,Tax
2018-06-01,Petroleum Revenue Tax,-67.0,June,2018/19,Tax
2018-07-01,Petroleum Revenue Tax,-138.0,July,2018/19,Tax
2018-08-01,Petroleum Revenue Tax,-62.0,August,2018/19,Tax
2018-09-01,Petroleum Revenue Tax,-6.0,September,2018/19,Tax
2018-10-01,Petroleum Revenue Tax,0.0,October,2018/19,Tax
2018-11-01,Petroleum Revenue Tax,0.0,November,2018/19,Tax
2018-12-01,Petroleum Revenue Tax,-324.0,December,2018/19,Tax
2019-01-01,Petroleum Revenue Tax,-125.0,January,2018/19,Tax
2019-02-01,Petroleum Revenue Tax,4.0,February,2018/19,Tax
2019-03-01,Petroleum Revenue Tax,-13.0,March,2018/19,Tax
2019-04-01,Petroleum Revenue Tax,0.0,April,2019/20,Tax
2019-05-01,Petroleum Revenue Tax,0.0,May,2019/20,Tax
2019-06-01,Petroleum Revenue Tax,0.0,June,2019/20,Tax
2019-07-01,Petroleum Revenue Tax,-137.0,July,2019/20,Tax
2019-08-01,Petroleum Revenue Tax,-26.0,August,2019/20,Tax
2019-09-01,Petroleum Revenue Tax,-7.0,September,2019/20,Tax
2019-10-01,Petroleum Revenue Tax,-1.0,October,2019/20,Tax
2019-11-01,Petroleum Revenue Tax,-14.0,November,2019/20,Tax
2019-12-01,Petroleum Revenue Tax,0.0,December,2019/20,Tax
2020-01-01,Petroleum Revenue Tax,-162.0,January,2019/20,Tax
2020-02-01,Petroleum Revenue Tax,-28.0,February,2019/20,Tax
2020-03-01,Petroleum Revenue Tax,-34.0,March,2019/20,Tax
2020-04-01,Petroleum Revenue Tax,0.0,April,2020/21,Tax
2020-05-01,Petroleum Revenue Tax,-3.0,May,2020/21,Tax
2020-06-01,Petroleum Revenue Tax,-1.0,June,2020/21,Tax
2020-07-01,Petroleum Revenue Tax,-60.0,July,2020/21,Tax
2020-08-01,Petroleum Revenue Tax,-72.0,August,2020/21,Tax
2020-09-01,Petroleum Revenue Tax,-8.0,September,2020/21,Tax
2020-10-01,Petroleum Revenue Tax,0.0,October,2020/21,Tax
2020-11-01,Petroleum Revenue Tax,-63.0,November,2020/21,Tax
2020-12-01,Petroleum Revenue Tax,0.0,December,2020/21,Tax
2021-01-01,Petroleum Revenue Tax,-1.0,January,2020/21,Tax
2021-02-01,Petroleum Revenue Tax,-30.0,February,2020/21,Tax
2021-03-01,Petroleum Revenue Tax,-3.0,March,2020/21,Tax
2021-04-01,Petroleum Revenue Tax,-66.0,April,2021/22,Tax
2021-05-01,Petroleum Revenue Tax,-46.0,May,2021/22,Tax
2021-06-01,Petroleum Revenue Tax,-18.0,June,2021/22,Tax
2021-07-01,Petroleum Revenue Tax,-13.0,July,2021/22,Tax
2021-08-01,Petroleum Revenue Tax,-53.0,August,2021/22,Tax
2021-09-01,Petroleum Revenue Tax,-27.0,September,2021/22,Tax
2021-10-01,Petroleum Revenue Tax,-103.0,October,2021/22,Tax
2021-11-01,Petroleum Revenue Tax,0.0,November,2021/22,Tax
2021-12-01,Petroleum Revenue Tax,0.0,December,2021/22,Tax
2022-01-01,Petroleum Revenue Tax,-53.0,January,2021/22,Tax
2022-02-01,Petroleum Revenue Tax,-96.0,February,2021/22,Tax
2022-03-01,Petroleum Revenue Tax,-77.0,March,2021/22,Tax
2022-04-01,Petroleum Revenue Tax,-29.0,April,2022/23,Tax
2022-05-01,Petroleum Revenue Tax,-8.0,May,2022/23,Tax
2022-06-01,Petroleum Revenue Tax,-4.0,June,2022/23,Tax
2022-07-01,Petroleum Revenue Tax,-18.0,July,2022/23,Tax
2022-08-01,Petroleum Revenue Tax,-104.0,August,2022/23,Tax
2022-09-01,Petroleum Revenue Tax,-2.0,September,2022/23,Tax
2022-10-01,Petroleum Revenue Tax,0.0,October,2022/23,Tax
2022-11-01,Petroleum Revenue Tax,0.0,November,2022/23,Tax
2022-12-01,Petroleum Revenue Tax,0.0,December,2022/23,Tax
2023-01-01,Petroleum Revenue Tax,-26.0,January,2022/23,Tax
2023-02-01,Petroleum Revenue Tax,-41.0,February,2022/23,Tax
2023-03-01,Petroleum Revenue Tax,-2.0,March,2022/23,Tax
2023-04-01,Petroleum Revenue Tax,-20.0,April,2023/24,Tax
2023-05-01,Petroleum Revenue Tax,0.0,May,2023/24,Tax
2023-06-01,Petroleum Revenue Tax,0.0,June,2023/24,Tax
2023-07-01,Petroleum Revenue Tax,0.0,July,2023/24,Tax
2023-08-01,Petroleum Revenue Tax,-118.0,August,2023/24,Tax
2023-09-01,Petroleum Revenue Tax,-119.0,September,2023/24,Tax
2023-10-01,Petroleum Revenue Tax,-3.0,October,2023/24,Tax
2023-11-01,Petroleum Revenue Tax,-3.0,November,2023/24,Tax
2023-12-01,Petroleum Revenue Tax,0.0,December,2023/24,Tax
2024-01-01,Petroleum Revenue Tax,-153.0,January,2023/24,Tax
2024-02-01,Petroleum Revenue Tax,-11.0,February,2023/24,Tax
2024-03-01,Petroleum Revenue Tax,0.0,March,2023/24,Tax
2024-04-01,Petroleum Revenue Tax,0.0,April,2024/25,Tax
2024-05-01,Petroleum Revenue Tax,0.0,May,2024/25,Tax
2024-06-01,Petroleum Revenue Tax,0.0,June,2024/25,Tax
2024-07-01,Petroleum Revenue Tax,-132.0,July,2024/25,Tax
2024-08-01,Petroleum Revenue Tax,-44.0,August,2024/25,Tax
2024-09-01,Petroleum Revenue Tax,0.0,September,2024/25,Tax
2024-10-01,Petroleum Revenue Tax,0.0,October,2024/25,Tax
2024-11-01,Petroleum Revenue Tax,0.0,November,2024/25,Tax
2024-12-01,Petroleum Revenue Tax,0.0,December,2024/25,Tax
2025-01-01,Petroleum Revenue Tax,-62.0,January,2024/25,Tax
2025-02-01,Petroleum Revenue Tax,-112.0,February,2024/25,Tax
2025-03-01,Petroleum Revenue Tax,0.0,March,2024/25,Tax
2025-04-01,Petroleum Revenue Tax,0.0,April,2025/26,Tax
2025-05-01,Petroleum Revenue Tax,0.0,May,2025/26,Tax
2025-06-01,Petroleum Revenue Tax,0.0,June,2025/26,Tax
2025-07-01,Petroleum Revenue Tax,-266.0,July,2025/26,Tax
2025-08-01,Petroleum Revenue Tax,0.0,August,2025/26,Tax
2025-09-01,Petroleum Revenue Tax,0.0,September,2025/26,Tax
2025-10-01,Petroleum Revenue Tax,0.0,October,2025/26,Tax
2025-11-01,Petroleum Revenue Tax,0.0,November,2025/26,Tax
2025-12-01,Petroleum Revenue Tax,0.0,December,2025/26,Tax
2026-01-01,Petroleum Revenue Tax,0.0,January,2025/26,Tax
2026-02-01,Petroleum Revenue Tax,0.0,February,2025/26,Tax
2026-03-01,Petroleum Revenue Tax,-177.0,March,2025/26,Tax
2026-04-01,Petroleum Revenue Tax,0.0,April,2026/27,Tax
2026-05-01,Petroleum Revenue Tax,0.0,May,2026/27,Tax
2026-06-01,Petroleum Revenue Tax,0.0,June,2026/27,Tax
2026-07-01,Petroleum Revenue Tax,-63.0,July,2026/27,Tax
2026-08-01,Petroleum Revenue Tax,-29.0,August,2026/27,Tax
2017-04-01,Hydrocarbon Oil (Fuel duties),2451.0,April,2017/18,Tax
2017-05-01,Hydrocarbon Oil (Fuel duties),2279.0,May,2017/18,Tax
2017-06-01,Hydrocarbon Oil (Fuel duties),2391.0,June,2017/18,Tax
2017-07-01,Hydrocarbon Oil (Fuel duties),2353.0,July,2017/18,Tax
2017-08-01,Hydrocarbon Oil (Fuel duties),2358.0,August,2017/18,Tax
2017-09-01,Hydrocarbon Oil (Fuel duties),2349.0,September,2017/18,Tax
2017-10-01,Hydrocarbon Oil (Fuel duties),2311.0,October,2017/18,Tax
2017-11-01,Hydrocarbon Oil (Fuel duties),2440.0,November,2017/18,Tax
2017-12-01,Hydrocarbon Oil (Fuel duties),2407.0,December,2017/18,Tax
2018-01-01,Hydrocarbon Oil (Fuel duties),2126.0,January,2017/18,Tax
2018-02-01,Hydrocarbon Oil (Fuel duties),2360.0,February,2017/18,Tax
2018-03-01,Hydrocarbon Oil (Fuel duties),2053.0,March,2017/18,Tax
2018-04-01,Hydrocarbon Oil (Fuel duties),2417.0,April,2018/19,Tax
2018-05-01,Hydrocarbon Oil (Fuel duties),2314.0,May,2018/19,Tax
2018-06-01,Hydrocarbon Oil (Fuel duties),2472.0,June,2018/19,Tax
2018-07-01,Hydrocarbon Oil (Fuel duties),2351.0,July,2018/19,Tax
2018-08-01,Hydrocarbon Oil (Fuel duties),2377.0,August,2018/19,Tax
2018-09-01,Hydrocarbon Oil (Fuel duties),2415.0,September,2018/19,Tax
2018-10-01,Hydrocarbon Oil (Fuel duties),2241.0,October,2018/19,Tax
2018-11-01,Hydrocarbon Oil (Fuel duties),2532.0,November,2018/19,Tax
2018-12-01,Hydrocarbon Oil (Fuel duties),2377.0,December,2018/19,Tax
2019-01-01,Hydrocarbon Oil (Fuel duties),2242.0,January,2018/19,Tax
2019-02-01,Hydrocarbon Oil (Fuel duties),2254.0,February,2018/19,Tax
2019-03-01,Hydrocarbon Oil (Fuel duties),2154.0,March,2018/19,Tax
2019-04-01,Hydrocarbon Oil (Fuel duties),2374.0,April,2019/20,Tax
2019-05-01,Hydrocarbon Oil (Fuel duties),2271.0,May,2019/20,Tax
2019-06-01,Hydrocarbon Oil (Fuel duties),2387.0,June,2019/20,Tax
2019-07-01,Hydrocarbon Oil (Fuel duties),2273.0,July,2019/20,Tax
2019-08-01,Hydrocarbon Oil (Fuel duties),2388.0,August,2019/20,Tax
2019-09-01,Hydrocarbon Oil (Fuel duties),2350.0,September,2019/20,Tax
2019-10-01,Hydrocarbon Oil (Fuel duties),2302.0,October,2019/20,Tax
2019-11-01,Hydrocarbon Oil (Fuel duties),2356.0,November,2019/20,Tax
2019-12-01,Hydrocarbon Oil (Fuel duties),2427.0,December,2019/20,Tax
2020-01-01,Hydrocarbon Oil (Fuel duties),2128.0,January,2019/20,Tax
2020-02-01,Hydrocarbon Oil (Fuel duties),2296.0,February,2019/20,Tax
2020-03-01,Hydrocarbon Oil (Fuel duties),1950.0,March,2019/20,Tax
2020-04-01,Hydrocarbon Oil (Fuel duties),1389.0,April,2020/21,Tax
2020-05-01,Hydrocarbon Oil (Fuel duties),1002.0,May,2020/21,Tax
2020-06-01,Hydrocarbon Oil (Fuel duties),1637.0,June,2020/21,Tax
2020-07-01,Hydrocarbon Oil (Fuel duties),1861.0,July,2020/21,Tax
2020-08-01,Hydrocarbon Oil (Fuel duties),2149.0,August,2020/21,Tax
2020-09-01,Hydrocarbon Oil (Fuel duties),2148.0,September,2020/21,Tax
2020-10-01,Hydrocarbon Oil (Fuel duties),2187.0,October,2020/21,Tax
2020-11-01,Hydrocarbon Oil (Fuel duties),2135.0,November,2020/21,Tax
2020-12-01,Hydrocarbon Oil (Fuel duties),1936.0,December,2020/21,Tax
2021-01-01,Hydrocarbon Oil (Fuel duties),1714.0,January,2020/21,Tax
2021-02-01,Hydrocarbon Oil (Fuel duties),1599.0,February,2020/21,Tax
2021-03-01,Hydrocarbon Oil (Fuel duties),1418.0,March,2020/21,Tax
2021-04-01,Hydrocarbon Oil (Fuel duties),2013.0,April,2021/22,Tax
2021-05-01,Hydrocarbon Oil (Fuel duties),2313.0,May,2021/22,Tax
2021-06-01,Hydrocarbon Oil (Fuel duties),2252.0,June,2021/22,Tax
2021-07-01,Hydrocarbon Oil (Fuel duties),2269.0,July,2021/22,Tax
2021-08-01,Hydrocarbon Oil (Fuel duties),2288.0,August,2021/22,Tax
2021-09-01,Hydrocarbon Oil (Fuel duties),2252.0,September,2021/22,Tax
2021-10-01,Hydrocarbon Oil (Fuel duties),2269.0,October,2021/22,Tax
2021-11-01,Hydrocarbon Oil (Fuel duties),2233.0,November,2021/22,Tax
2021-12-01,Hydrocarbon Oil (Fuel duties),2285.0,December,2021/22,Tax
2022-01-01,Hydrocarbon Oil (Fuel duties),1841.0,January,2021/22,Tax
2022-02-01,Hydrocarbon Oil (Fuel duties),2041.0,February,2021/22,Tax
2022-03-01,Hydrocarbon Oil (Fuel duties),1916.0,March,2021/22,Tax
2022-04-01,Hydrocarbon Oil (Fuel duties),2095.0,April,2022/23,Tax
2022-05-01,Hydrocarbon Oil (Fuel duties),2278.0,May,2022/23,Tax
2022-06-01,Hydrocarbon Oil (Fuel duties),2170.0,June,2022/23,Tax
2022-07-01,Hydrocarbon Oil (Fuel duties),2063.0,July,2022/23,Tax
2022-08-01,Hydrocarbon Oil (Fuel duties),2127.0,August,2022/23,Tax
2022-09-01,Hydrocarbon Oil (Fuel duties),2011.0,September,2022/23,Tax
2022-10-01,Hydrocarbon Oil (Fuel duties),2131.0,October,2022/23,Tax
2022-11-01,Hydrocarbon Oil (Fuel duties),2118.0,November,2022/23,Tax
2022-12-01,Hydrocarbon Oil (Fuel duties),2068.0,December,2022/23,Tax
2023-01-01,Hydrocarbon Oil (Fuel duties),1965.0,January,2022/23,Tax
2023-02-01,Hydrocarbon Oil (Fuel duties),2177.0,February,2022/23,Tax
2023-03-01,Hydrocarbon Oil (Fuel duties),1902.0,March,2022/23,Tax
2023-04-01,Hydrocarbon Oil (Fuel duties),2086.0,April,2023/24,Tax
2023-05-01,Hydrocarbon Oil (Fuel duties),2058.0,May,2023/24,Tax
2023-06-01,Hydrocarbon Oil (Fuel duties),2136.0,June,2023/24,Tax
2023-07-01,Hydrocarbon Oil (Fuel duties),1681.0,July,2023/24,Tax
2023-08-01,Hydrocarbon Oil (Fuel duties),2555.0,August,2023/24,Tax
2023-09-01,Hydrocarbon Oil (Fuel duties),1962.0,September,2023/24,Tax
2023-10-01,Hydrocarbon Oil (Fuel duties),2122.0,October,2023/24,Tax
2023-11-01,Hydrocarbon Oil (Fuel duties),2234.0,November,2023/24,Tax
2023-12-01,Hydrocarbon Oil (Fuel duties),2102.0,December,2023/24,Tax
2024-01-01,Hydrocarbon Oil (Fuel duties),1841.0,January,2023/24,Tax
2024-02-01,Hydrocarbon Oil (Fuel duties),2115.0,February,2023/24,Tax
2024-03-01,Hydrocarbon Oil (Fuel duties),2030.0,March,2023/24,Tax
2024-04-01,Hydrocarbon Oil (Fuel duties),1903.0,April,2024/25,Tax
2024-05-01,Hydrocarbon Oil (Fuel duties),2044.0,May,2024/25,Tax
2024-06-01,Hydrocarbon Oil (Fuel duties),2067.0,June,2024/25,Tax
2024-07-01,Hydrocarbon Oil (Fuel duties),2116.0,July,2024/25,Tax
2024-08-01,Hydrocarbon Oil (Fuel duties),2054.0,August,2024/25,Tax
2024-09-01,Hydrocarbon Oil (Fuel duties),2059.0,September,2024/25,Tax
2024-10-01,Hydrocarbon Oil (Fuel duties),1983.0,October,2024/25,Tax
2024-11-01,Hydrocarbon Oil (Fuel duties),2253.0,November,2024/25,Tax
2024-12-01,Hydrocarbon Oil (Fuel duties),1904.0,December,2024/25,Tax
2025-01-01,Hydrocarbon Oil (Fuel duties),1780.0,January,2024/25,Tax
2025-02-01,Hydrocarbon Oil (Fuel duties),2155.0,February,2024/25,Tax
2025-03-01,Hydrocarbon Oil (Fuel duties),2041.0,March,2024/25,Tax
2025-04-01,Hydrocarbon Oil (Fuel duties),2032.0,April,2025/26,Tax
2025-05-01,Hydrocarbon Oil (Fuel duties),2122.0,May,2025/26,Tax
2025-06-01,Hydrocarbon Oil (Fuel duties),1926.0,June,2025/26,Tax
2025-07-01,Hydrocarbon Oil (Fuel duties),2055.0,July,2025/26,Tax
2025-08-01,Hydrocarbon Oil (Fuel duties),2031.0,August,2025/26,Tax
2025-09-01,Hydrocarbon Oil (Fuel duties),2208.0,September,2025/26,Tax
2025-10-01,Hydrocarbon Oil (Fuel duties),2017.0,October,2025/26,Tax
2025-11-01,Hydrocarbon Oil (Fuel duties),2256.0,November,2025/26,Tax
2025-12-01,Hydrocarbon Oil (Fuel duties),2098.0,December,2025/26,Tax
2026-01-01,Hydrocarbon Oil (Fuel duties),1985.0,January,2025/26,Tax
2026-02-01,Hydrocarbon Oil (Fuel duties),2043.0,February,2025/26,Tax
2026-03-01,Hydrocarbon Oil (Fuel duties),1786.0,March,2025/26,Tax
2026-04-01,Hydrocarbon Oil (Fuel duties),2335.0,April,2026/27,Tax
2026-05-01,Hydrocarbon Oil (Fuel duties),2006.0,May,2026/27,Tax
2026-06-01,Hydrocarbon Oil (Fuel duties),2026.0,June,2026/27,Tax
2026-07-01,Hydrocarbon Oil (Fuel duties),1998.0,July,2026/27,Tax
2026-08-01,Hydrocarbon Oil (Fuel duties),2123.0,August,2026/27,Tax
2017-04-01,Inheritance Tax,531.0,April,2017/18,Tax
2017-05-01,Inheritance Tax,555.0,May,2017/18,Tax
2017-06-01,Inheritance Tax,439.0,June,2017/18,Tax
2017-07-01,Inheritance Tax,427.0,July,2017/18,Tax
2017-08-01,Inheritance Tax,426.0,August,2017/18,Tax
2017-09-01,Inheritance Tax,423.0,September,2017/18,Tax
2017-10-01,Inheritance Tax,442.0,October,2017/18,Tax
2017-11-01,Inheritance Tax,444.0,November,2017/18,Tax
2017-12-01,Inheritance Tax,387.0,December,2017/18,Tax
2018-01-01,Inheritance Tax,376.0,January,2017/18,Tax
2018-02-01,Inheritance Tax,372.0,February,2017/18,Tax
2018-03-01,Inheritance Tax,382.0,March,2017/18,Tax
2018-04-01,Inheritance Tax,425.0,April,2018/19,Tax
2018-05-01,Inheritance Tax,487.0,May,2018/19,Tax
2018-06-01,Inheritance Tax,507.0,June,2018/19,Tax
2018-07-01,Inheritance Tax,465.0,July,2018/19,Tax
2018-08-01,Inheritance Tax,473.0,August,2018/19,Tax
2018-09-01,Inheritance Tax,441.0,September,2018/19,Tax
2018-10-01,Inheritance Tax,460.0,October,2018/19,Tax
2018-11-01,Inheritance Tax,437.0,November,2018/19,Tax
2018-12-01,Inheritance Tax,396.0,December,2018/19,Tax
2019-01-01,Inheritance Tax,370.0,January,2018/19,Tax
2019-02-01,Inheritance Tax,372.0,February,2018/19,Tax
2019-03-01,Inheritance Tax,527.0,March,2018/19,Tax
2019-04-01,Inheritance Tax,456.0,April,2019/20,Tax
2019-05-01,Inheritance Tax,393.0,May,2019/20,Tax
2019-06-01,Inheritance Tax,357.0,June,2019/20,Tax
2019-07-01,Inheritance Tax,438.0,July,2019/20,Tax
2019-08-01,Inheritance Tax,405.0,August,2019/20,Tax
2019-09-01,Inheritance Tax,432.0,September,2019/20,Tax
2019-10-01,Inheritance Tax,489.0,October,2019/20,Tax
2019-11-01,Inheritance Tax,404.0,November,2019/20,Tax
2019-12-01,Inheritance Tax,478.0,December,2019/20,Tax
2020-01-01,Inheritance Tax,417.0,January,2019/20,Tax
2020-02-01,Inheritance Tax,407.0,February,2019/20,Tax
2020-03-01,Inheritance Tax,446.0,March,2019/20,Tax
2020-04-01,Inheritance Tax,307.0,April,2020/21,Tax
2020-05-01,Inheritance Tax,319.0,May,2020/21,Tax
2020-06-01,Inheritance Tax,508.0,June,2020/21,Tax
2020-07-01,Inheritance Tax,432.0,July,2020/21,Tax
2020-08-01,Inheritance Tax,402.0,August,2020/21,Tax
2020-09-01,Inheritance Tax,465.0,September,2020/21,Tax
2020-10-01,Inheritance Tax,570.0,October,2020/21,Tax
2020-11-01,Inheritance Tax,493.0,November,2020/21,Tax
2020-12-01,Inheritance Tax,462.0,December,2020/21,Tax
2021-01-01,Inheritance Tax,378.0,January,2020/21,Tax
2021-02-01,Inheritance Tax,442.0,February,2020/21,Tax
2021-03-01,Inheritance Tax,549.0,March,2020/21,Tax
2021-04-01,Inheritance Tax,497.0,April,2021/22,Tax
2021-05-01,Inheritance Tax,469.0,May,2021/22,Tax
2021-06-01,Inheritance Tax,539.0,June,2021/22,Tax
2021-07-01,Inheritance Tax,571.0,July,2021/22,Tax
2021-08-01,Inheritance Tax,576.0,August,2021/22,Tax
2021-09-01,Inheritance Tax,488.0,September,2021/22,Tax
2021-10-01,Inheritance Tax,466.0,October,2021/22,Tax
2021-11-01,Inheritance Tax,500.0,November,2021/22,Tax
2021-12-01,Inheritance Tax,474.0,December,2021/22,Tax
2022-01-01,Inheritance Tax,443.0,January,2021/22,Tax
2022-02-01,Inheritance Tax,448.0,February,2021/22,Tax
2022-03-01,Inheritance Tax,585.0,March,2021/22,Tax
2022-04-01,Inheritance Tax,507.0,April,2022/23,Tax
2022-05-01,Inheritance Tax,564.0,May,2022/23,Tax
2022-06-01,Inheritance Tax,726.0,June,2022/23,Tax
2022-07-01,Inheritance Tax,570.0,July,2022/23,Tax
2022-08-01,Inheritance Tax,576.0,August,2022/23,Tax
2022-09-01,Inheritance Tax,557.0,September,2022/23,Tax
2022-10-01,Inheritance Tax,580.0,October,2022/23,Tax
2022-11-01,Inheritance Tax,673.0,November,2022/23,Tax
2022-12-01,Inheritance Tax,545.0,December,2022/23,Tax
2023-01-01,Inheritance Tax,578.0,January,2022/23,Tax
2023-02-01,Inheritance Tax,531.0,February,2022/23,Tax
2023-03-01,Inheritance Tax,679.0,March,2022/23,Tax
2023-04-01,Inheritance Tax,597.0,April,2023/24,Tax
2023-05-01,Inheritance Tax,609.0,May,2023/24,Tax
2023-06-01,Inheritance Tax,795.0,June,2023/24,Tax
2023-07-01,Inheritance Tax,603.0,July,2023/24,Tax
2023-08-01,Inheritance Tax,644.0,August,2023/24,Tax
2023-09-01,Inheritance Tax,623.0,September,2023/24,Tax
2023-10-01,Inheritance Tax,691.0,October,2023/24,Tax
2023-11-01,Inheritance Tax,594.0,November,2023/24,Tax
2023-12-01,Inheritance Tax,547.0,December,2023/24,Tax
2024-01-01,Inheritance Tax,556.0,January,2023/24,Tax
2024-02-01,Inheritance Tax,564.0,February,2023/24,Tax
2024-03-01,Inheritance Tax,676.0,March,2023/24,Tax
2024-04-01,Inheritance Tax,683.0,April,2024/25,Tax
2024-05-01,Inheritance Tax,701.0,May,2024/25,Tax
2024-06-01,Inheritance Tax,701.0,June,2024/25,Tax
2024-07-01,Inheritance Tax,749.0,July,2024/25,Tax
2024-08-01,Inheritance Tax,697.0,August,2024/25,Tax
2024-09-01,Inheritance Tax,736.0,September,2024/25,Tax
2024-10-01,Inheritance Tax,776.0,October,2024/25,Tax
2024-11-01,Inheritance Tax,665.0,November,2024/25,Tax
2024-12-01,Inheritance Tax,620.0,December,2024/25,Tax
2025-01-01,Inheritance Tax,639.0,January,2024/25,Tax
2025-02-01,Inheritance Tax,612.0,February,2024/25,Tax
2025-03-01,Inheritance Tax,671.0,March,2024/25,Tax
2025-04-01,Inheritance Tax,780.0,April,2025/26,Tax
2025-05-01,Inheritance Tax,701.0,May,2025/26,Tax
2025-06-01,Inheritance Tax,738.0,June,2025/26,Tax
2025-07-01,Inheritance Tax,844.0,July,2025/26,Tax
2025-08-01,Inheritance Tax,658.0,August,2025/26,Tax
2025-09-01,Inheritance Tax,671.0,September,2025/26,Tax
2025-10-01,Inheritance Tax,811.0,October,2025/26,Tax
2025-11-01,Inheritance Tax,588.0,November,2025/26,Tax
2025-12-01,Inheritance Tax,769.0,December,2025/26,Tax
2026-01-01,Inheritance Tax,537.0,January,2025/26,Tax
2026-02-01,Inheritance Tax,614.0,February,2025/26,Tax
2026-03-01,Inheritance Tax,755.0,March,2025/26,Tax
2026-04-01,Inheritance Tax,715.0,April,2026/27,Tax
2026-05-01,Inheritance Tax,730.0,May,2026/27,Tax
2026-06-01,Inheritance Tax,871.0,June,2026/27,Tax
2026-07-01,Inheritance Tax,868.0,July,2026/27,Tax
2026-08-01,Inheritance Tax,598.0,August,2026/27,Tax
2017-04-01,Stamp Duty Shares,217.0,April,2017/18,Tax
2017-05-01,Stamp Duty Shares,318.0,May,2017/18,Tax
2017-06-01,Stamp Duty Shares,334.0,June,2017/18,Tax
2017-07-01,Stamp Duty Shares,272.0,July,2017/18,Tax
2017-08-01,Stamp Duty Shares,309.0,August,2017/18,Tax
2017-09-01,Stamp Duty Shares,291.0,September,2017/18,Tax
2017-10-01,Stamp Duty Shares,297.0,October,2017/18,Tax
2017-11-01,Stamp Duty Shares,291.0,November,2017/18,Tax
2017-12-01,Stamp Duty Shares,333.0,December,2017/18,Tax
2018-01-01,Stamp Duty Shares,259.0,January,2017/18,Tax
2018-02-01,Stamp Duty Shares,289.0,February,2017/18,Tax
2018-03-01,Stamp Duty Shares,309.0,March,2017/18,Tax
2018-04-01,Stamp Duty Shares,415.0,April,2018/19,Tax
2018-05-01,Stamp Duty Shares,236.0,May,2018/19,Tax
2018-06-01,Stamp Duty Shares,301.0,June,2018/19,Tax
2018-07-01,Stamp Duty Shares,288.0,July,2018/19,Tax
2018-08-01,Stamp Duty Shares,296.0,August,2018/19,Tax
2018-09-01,Stamp Duty Shares,234.0,September,2018/19,Tax
2018-10-01,Stamp Duty Shares,421.0,October,2018/19,Tax
2018-11-01,Stamp Duty Shares,406.0,November,2018/19,Tax
2018-12-01,Stamp Duty Shares,278.0,December,2018/19,Tax
2019-01-01,Stamp Duty Shares,238.0,January,2018/19,Tax
2019-02-01,Stamp Duty Shares,225.0,February,2018/19,Tax
2019-03-01,Stamp Duty Shares,281.0,March,2018/19,Tax
2019-04-01,Stamp Duty Shares,276.0,April,2019/20,Tax
2019-05-01,Stamp Duty Shares,259.0,May,2019/20,Tax
2019-06-01,Stamp Duty Shares,227.0,June,2019/20,Tax
2019-07-01,Stamp Duty Shares,279.0,July,2019/20,Tax
2019-08-01,Stamp Duty Shares,312.0,August,2019/20,Tax
2019-09-01,Stamp Duty Shares,231.0,September,2019/20,Tax
2019-10-01,Stamp Duty Shares,287.0,October,2019/20,Tax
2019-11-01,Stamp Duty Shares,365.0,November,2019/20,Tax
2019-12-01,Stamp Duty Shares,304.0,December,2019/20,Tax
2020-01-01,Stamp Duty Shares,312.0,January,2019/20,Tax
2020-02-01,Stamp Duty Shares,299.0,February,2019/20,Tax
2020-03-01,Stamp Duty Shares,466.0,March,2019/20,Tax
2020-04-01,Stamp Duty Shares,439.0,April,2020/21,Tax
2020-05-01,Stamp Duty Shares,298.0,May,2020/21,Tax
2020-06-01,Stamp Duty Shares,257.0,June,2020/21,Tax
2020-07-01,Stamp Duty Shares,283.0,July,2020/21,Tax
2020-08-01,Stamp Duty Shares,213.0,August,2020/21,Tax
2020-09-01,Stamp Duty Shares,156.0,September,2020/21,Tax
2020-10-01,Stamp Duty Shares,287.0,October,2020/21,Tax
2020-11-01,Stamp Duty Shares,249.0,November,2020/21,Tax
2020-12-01,Stamp Duty Shares,439.0,December,2020/21,Tax
2021-01-01,Stamp Duty Shares,313.0,January,2020/21,Tax
2021-02-01,Stamp Duty Shares,279.0,February,2020/21,Tax
2021-03-01,Stamp Duty Shares,466.0,March,2020/21,Tax
2021-04-01,Stamp Duty Shares,386.0,April,2021/22,Tax
2021-05-01,Stamp Duty Shares,331.0,May,2021/22,Tax
2021-06-01,Stamp Duty Shares,410.0,June,2021/22,Tax
2021-07-01,Stamp Duty Shares,325.0,July,2021/22,Tax
2021-08-01,Stamp Duty Shares,284.0,August,2021/22,Tax
2021-09-01,Stamp Duty Shares,293.0,September,2021/22,Tax
2021-10-01,Stamp Duty Shares,396.0,October,2021/22,Tax
2021-11-01,Stamp Duty Shares,328.0,November,2021/22,Tax
2021-12-01,Stamp Duty Shares,401.0,December,2021/22,Tax
2022-01-01,Stamp Duty Shares,252.0,January,2021/22,Tax
2022-02-01,Stamp Duty Shares,592.0,February,2021/22,Tax
2022-03-01,Stamp Duty Shares,373.0,March,2021/22,Tax
2022-04-01,Stamp Duty Shares,403.0,April,2022/23,Tax
2022-05-01,Stamp Duty Shares,307.0,May,2022/23,Tax
2022-06-01,Stamp Duty Shares,306.0,June,2022/23,Tax
2022-07-01,Stamp Duty Shares,315.0,July,2022/23,Tax
2022-08-01,Stamp Duty Shares,291.0,August,2022/23,Tax
2022-09-01,Stamp Duty Shares,369.0,September,2022/23,Tax
2022-10-01,Stamp Duty Shares,367.0,October,2022/23,Tax
2022-11-01,Stamp Duty Shares,246.0,November,2022/23,Tax
2022-12-01,Stamp Duty Shares,332.0,December,2022/23,Tax
2023-01-01,Stamp Duty Shares,248.0,January,2022/23,Tax
2023-02-01,Stamp Duty Shares,299.0,February,2022/23,Tax
2023-03-01,Stamp Duty Shares,299.0,March,2022/23,Tax
2023-04-01,Stamp Duty Shares,252.0,April,2023/24,Tax
2023-05-01,Stamp Duty Shares,250.0,May,2023/24,Tax
2023-06-01,Stamp Duty Shares,338.0,June,2023/24,Tax
2023-07-01,Stamp Duty Shares,239.0,July,2023/24,Tax
2023-08-01,Stamp Duty Shares,283.0,August,2023/24,Tax
2023-09-01,Stamp Duty Shares,223.0,September,2023/24,Tax
2023-10-01,Stamp Duty Shares,266.0,October,2023/24,Tax
2023-11-01,Stamp Duty Shares,242.0,November,2023/24,Tax
2023-12-01,Stamp Duty Shares,322.0,December,2023/24,Tax
2024-01-01,Stamp Duty Shares,203.0,January,2023/24,Tax
2024-02-01,Stamp Duty Shares,292.0,February,2023/24,Tax
2024-03-01,Stamp Duty Shares,287.0,March,2023/24,Tax
2024-04-01,Stamp Duty Shares,368.0,April,2024/25,Tax
2024-05-01,Stamp Duty Shares,389.0,May,2024/25,Tax
2024-06-01,Stamp Duty Shares,350.0,June,2024/25,Tax
2024-07-01,Stamp Duty Shares,335.0,July,2024/25,Tax
2024-08-01,Stamp Duty Shares,384.0,August,2024/25,Tax
2024-09-01,Stamp Duty Shares,263.0,September,2024/25,Tax
2024-10-01,Stamp Duty Shares,391.0,October,2024/25,Tax
2024-11-01,Stamp Duty Shares,455.0,November,2024/25,Tax
2024-12-01,Stamp Duty Shares,347.0,December,2024/25,Tax
2025-01-01,Stamp Duty Shares,287.0,January,2024/25,Tax
2025-02-01,Stamp Duty Shares,330.0,February,2024/25,Tax
2025-03-01,Stamp Duty Shares,423.0,March,2024/25,Tax
2025-04-01,Stamp Duty Shares,459.0,April,2025/26,Tax
2025-05-01,Stamp Duty Shares,399.0,May,2025/26,Tax
2025-06-01,Stamp Duty Shares,333.0,June,2025/26,Tax
2025-07-01,Stamp Duty Shares,366.0,July,2025/26,Tax
2025-08-01,Stamp Duty Shares,373.0,August,2025/26,Tax
2025-09-01,Stamp Duty Shares,302.0,September,2025/26,Tax
2025-10-01,Stamp Duty Shares,457.0,October,2025/26,Tax
2025-11-01,Stamp Duty Shares,358.0,November,2025/26,Tax
2025-12-01,Stamp Duty Shares,441.0,December,2025/26,Tax
2026-01-01,Stamp Duty Shares,353.0,January,2025/26,Tax
2026-02-01,Stamp Duty Shares,412.0,February,2025/26,Tax
2026-03-01,Stamp Duty Shares,482.0,March,2025/26,Tax
2026-04-01,Stamp Duty Shares,467.0,April,2026/27,Tax
2026-05-01,Stamp Duty Shares,495.0,May,2026/27,Tax
2026-06-01,Stamp Duty Shares,421.0,June,2026/27,Tax
2026-07-01,Stamp Duty Shares,425.0,July,2026/27,Tax
2026-08-01,Stamp Duty Shares,332.0,August,2026/27,Tax
2017-04-01,Stamp Duty Land Tax,1007.0,April,2017/18,Tax
2017-05-01,Stamp Duty Land Tax,1033.0,May,2017/18,Tax
2017-06-01,Stamp Duty Land Tax,1090.0,June,2017/18,Tax
2017-07-01,Stamp Duty Land Tax,1216.0,July,2017/18,Tax
2017-08-01,Stamp Duty Land Tax,1195.0,August,2017/18,Tax
2017-09-01,Stamp Duty Land Tax,1113.0,September,2017/18,Tax
2017-10-01,Stamp Duty Land Tax,1162.0,October,2017/18,Tax
2017-11-01,Stamp Duty Land Tax,1111.0,November,2017/18,Tax
2017-12-01,Stamp Duty Land Tax,1197.0,December,2017/18,Tax
2018-01-01,Stamp Duty Land Tax,1014.0,January,2017/18,Tax
2018-02-01,Stamp Duty Land Tax,851.0,February,2017/18,Tax
2018-03-01,Stamp Duty Land Tax,917.0,March,2017/18,Tax
2018-04-01,Stamp Duty Land Tax,961.0,April,2018/19,Tax
2018-05-01,Stamp Duty Land Tax,894.0,May,2018/19,Tax
2018-06-01,Stamp Duty Land Tax,938.0,June,2018/19,Tax
2018-07-01,Stamp Duty Land Tax,1121.0,July,2018/19,Tax
2018-08-01,Stamp Duty Land Tax,1155.0,August,2018/19,Tax
2018-09-01,Stamp Duty Land Tax,921.0,September,2018/19,Tax
2018-10-01,Stamp Duty Land Tax,1126.0,October,2018/19,Tax
2018-11-01,Stamp Duty Land Tax,1061.0,November,2018/19,Tax
2018-12-01,Stamp Duty Land Tax,1105.0,December,2018/19,Tax
2019-01-01,Stamp Duty Land Tax,848.0,January,2018/19,Tax
2019-02-01,Stamp Duty Land Tax,881.0,February,2018/19,Tax
2019-03-01,Stamp Duty Land Tax,930.0,March,2018/19,Tax
2019-04-01,Stamp Duty Land Tax,962.0,April,2019/20,Tax
2019-05-01,Stamp Duty Land Tax,831.0,May,2019/20,Tax
2019-06-01,Stamp Duty Land Tax,831.0,June,2019/20,Tax
2019-07-01,Stamp Duty Land Tax,1116.0,July,2019/20,Tax
2019-08-01,Stamp Duty Land Tax,1029.0,August,2019/20,Tax
2019-09-01,Stamp Duty Land Tax,1004.0,September,2019/20,Tax
2019-10-01,Stamp Duty Land Tax,1059.0,October,2019/20,Tax
2019-11-01,Stamp Duty Land Tax,941.0,November,2019/20,Tax
2019-12-01,Stamp Duty Land Tax,1299.0,December,2019/20,Tax
2020-01-01,Stamp Duty Land Tax,777.0,January,2019/20,Tax
2020-02-01,Stamp Duty Land Tax,824.0,February,2019/20,Tax
2020-03-01,Stamp Duty Land Tax,928.0,March,2019/20,Tax
2020-04-01,Stamp Duty Land Tax,548.0,April,2020/21,Tax
2020-05-01,Stamp Duty Land Tax,361.0,May,2020/21,Tax
2020-06-01,Stamp Duty Land Tax,573.0,June,2020/21,Tax
2020-07-01,Stamp Duty Land Tax,656.0,July,2020/21,Tax
2020-08-01,Stamp Duty Land Tax,530.0,August,2020/21,Tax
2020-09-01,Stamp Duty Land Tax,693.0,September,2020/21,Tax
2020-10-01,Stamp Duty Land Tax,751.0,October,2020/21,Tax
2020-11-01,Stamp Duty Land Tax,825.0,November,2020/21,Tax
2020-12-01,Stamp Duty Land Tax,1181.0,December,2020/21,Tax
2021-01-01,Stamp Duty Land Tax,579.0,January,2020/21,Tax
2021-02-01,Stamp Duty Land Tax,775.0,February,2020/21,Tax
2021-03-01,Stamp Duty Land Tax,1196.0,March,2020/21,Tax
2021-04-01,Stamp Duty Land Tax,991.0,April,2021/22,Tax
2021-05-01,Stamp Duty Land Tax,652.0,May,2021/22,Tax
2021-06-01,Stamp Duty Land Tax,1208.0,June,2021/22,Tax
2021-07-01,Stamp Duty Land Tax,1309.0,July,2021/22,Tax
2021-08-01,Stamp Duty Land Tax,910.0,August,2021/22,Tax
2021-09-01,Stamp Duty Land Tax,1283.0,September,2021/22,Tax
2021-10-01,Stamp Duty Land Tax,1323.0,October,2021/22,Tax
2021-11-01,Stamp Duty Land Tax,1209.0,November,2021/22,Tax
2021-12-01,Stamp Duty Land Tax,1737.0,December,2021/22,Tax
2022-01-01,Stamp Duty Land Tax,944.0,January,2021/22,Tax
2022-02-01,Stamp Duty Land Tax,1186.0,February,2021/22,Tax
2022-03-01,Stamp Duty Land Tax,1346.0,March,2021/22,Tax
2022-04-01,Stamp Duty Land Tax,1463.0,April,2022/23,Tax
2022-05-01,Stamp Duty Land Tax,1229.0,May,2022/23,Tax
2022-06-01,Stamp Duty Land Tax,1378.0,June,2022/23,Tax
2022-07-01,Stamp Duty Land Tax,1497.0,July,2022/23,Tax
2022-08-01,Stamp Duty Land Tax,1578.0,August,2022/23,Tax
2022-09-01,Stamp Duty Land Tax,1457.0,September,2022/23,Tax
2022-10-01,Stamp Duty Land Tax,1317.0,October,2022/23,Tax
2022-11-01,Stamp Duty Land Tax,1337.0,November,2022/23,Tax
2022-12-01,Stamp Duty Land Tax,1420.0,December,2022/23,Tax
2023-01-01,Stamp Duty Land Tax,827.0,January,2022/23,Tax
2023-02-01,Stamp Duty Land Tax,846.0,February,2022/23,Tax
2023-03-01,Stamp Duty Land Tax,1010.0,March,2022/23,Tax
2023-04-01,Stamp Duty Land Tax,918.0,April,2023/24,Tax
2023-05-01,Stamp Duty Land Tax,867.0,May,2023/24,Tax
2023-06-01,Stamp Duty Land Tax,955.0,June,2023/24,Tax
2023-07-01,Stamp Duty Land Tax,1076.0,July,2023/24,Tax
2023-08-01,Stamp Duty Land Tax,1125.0,August,2023/24,Tax
2023-09-01,Stamp Duty Land Tax,1015.0,September,2023/24,Tax
2023-10-01,Stamp Duty Land Tax,1119.0,October,2023/24,Tax
2023-11-01,Stamp Duty Land Tax,973.0,November,2023/24,Tax
2023-12-01,Stamp Duty Land Tax,1112.0,December,2023/24,Tax
2024-01-01,Stamp Duty Land Tax,808.0,January,2023/24,Tax
2024-02-01,Stamp Duty Land Tax,781.0,February,2023/24,Tax
2024-03-01,Stamp Duty Land Tax,864.0,March,2023/24,Tax
2024-04-01,Stamp Duty Land Tax,957.0,April,2024/25,Tax
2024-05-01,Stamp Duty Land Tax,1018.0,May,2024/25,Tax
2024-06-01,Stamp Duty Land Tax,1016.0,June,2024/25,Tax
2024-07-01,Stamp Duty Land Tax,1185.0,July,2024/25,Tax
2024-08-01,Stamp Duty Land Tax,1112.0,August,2024/25,Tax
2024-09-01,Stamp Duty Land Tax,1103.0,September,2024/25,Tax
2024-10-01,Stamp Duty Land Tax,1357.0,October,2024/25,Tax
2024-11-01,Stamp Duty Land Tax,1310.0,November,2024/25,Tax
2024-12-01,Stamp Duty Land Tax,1517.0,December,2024/25,Tax
2025-01-01,Stamp Duty Land Tax,848.0,January,2024/25,Tax
2025-02-01,Stamp Duty Land Tax,1051.0,February,2024/25,Tax
2025-03-01,Stamp Duty Land Tax,1408.0,March,2024/25,Tax
2025-04-01,Stamp Duty Land Tax,1306.0,April,2025/26,Tax
2025-05-01,Stamp Duty Land Tax,930.0,May,2025/26,Tax
2025-06-01,Stamp Duty Land Tax,1055.0,June,2025/26,Tax
2025-07-01,Stamp Duty Land Tax,1422.0,July,2025/26,Tax
2025-08-01,Stamp Duty Land Tax,1314.0,August,2025/26,Tax
2025-09-01,Stamp Duty Land Tax,1454.0,September,2025/26,Tax
2025-10-01,Stamp Duty Land Tax,1531.0,October,2025/26,Tax
2025-11-01,Stamp Duty Land Tax,1371.0,November,2025/26,Tax
2025-12-01,Stamp Duty Land Tax,1725.0,December,2025/26,Tax
2026-01-01,Stamp Duty Land Tax,899.0,January,2025/26,Tax
2026-02-01,Stamp Duty Land Tax,995.0,February,2025/26,Tax
2026-03-01,Stamp Duty Land Tax,1157.0,March,2025/26,Tax
2026-04-01,Stamp Duty Land Tax,1287.0,April,2026/27,Tax
2026-05-01,Stamp Duty Land Tax,1068.0,May,2026/27,Tax
2026-06-01,Stamp Duty Land Tax,1239.0,June,2026/27,Tax
2026-07-01,Stamp Duty Land Tax,1386.0,July,2026/27,Tax
2026-08-01,Stamp Duty Land Tax,1222.0,August,2026/27,Tax
2017-04-01,Annual Tax on Enveloped Dwellings,60.0,April,2017/18,Tax
2017-05-01,Annual Tax on Enveloped Dwellings,47.0,May,2017/18,Tax
2017-06-01,Annual Tax on Enveloped Dwellings,9.0,June,2017/18,Tax
2017-07-01,Annual Tax on Enveloped Dwellings,7.0,July,2017/18,Tax
2017-08-01,Annual Tax on Enveloped Dwellings,4.0,August,2017/18,Tax
2017-09-01,Annual Tax on Enveloped Dwellings,2.0,September,2017/18,Tax
2017-10-01,Annual Tax on Enveloped Dwellings,2.0,October,2017/18,Tax
2017-11-01,Annual Tax on Enveloped Dwellings,1.0,November,2017/18,Tax
2017-12-01,Annual Tax on Enveloped Dwellings,2.0,December,2017/18,Tax
2018-01-01,Annual Tax on Enveloped Dwellings,2.0,January,2017/18,Tax
2018-02-01,Annual Tax on Enveloped Dwellings,4.0,February,2017/18,Tax
2018-03-01,Annual Tax on Enveloped Dwellings,3.0,March,2017/18,Tax
2018-04-01,Annual Tax on Enveloped Dwellings,76.0,April,2018/19,Tax
2018-05-01,Annual Tax on Enveloped Dwellings,36.0,May,2018/19,Tax
2018-06-01,Annual Tax on Enveloped Dwellings,7.0,June,2018/19,Tax
2018-07-01,Annual Tax on Enveloped Dwellings,2.0,July,2018/19,Tax
2018-08-01,Annual Tax on Enveloped Dwellings,4.0,August,2018/19,Tax
2018-09-01,Annual Tax on Enveloped Dwellings,2.0,September,2018/19,Tax
2018-10-01,Annual Tax on Enveloped Dwellings,3.0,October,2018/19,Tax
2018-11-01,Annual Tax on Enveloped Dwellings,2.0,November,2018/19,Tax
2018-12-01,Annual Tax on Enveloped Dwellings,2.0,December,2018/19,Tax
2019-01-01,Annual Tax on Enveloped Dwellings,1.0,January,2018/19,Tax
2019-02-01,Annual Tax on Enveloped Dwellings,1.0,February,2018/19,Tax
2019-03-01,Annual Tax on Enveloped Dwellings,3.0,March,2018/19,Tax
2019-04-01,Annual Tax on Enveloped Dwellings,76.0,April,2019/20,Tax
2019-05-01,Annual Tax on Enveloped Dwellings,26.0,May,2019/20,Tax
2019-06-01,Annual Tax on Enveloped Dwellings,3.0,June,2019/20,Tax
2019-07-01,Annual Tax on Enveloped Dwellings,4.0,July,2019/20,Tax
2019-08-01,Annual Tax on Enveloped Dwellings,3.0,August,2019/20,Tax
2019-09-01,Annual Tax on Enveloped Dwellings,1.0,September,2019/20,Tax
2019-10-01,Annual Tax on Enveloped Dwellings,5.0,October,2019/20,Tax
2019-11-01,Annual Tax on Enveloped Dwellings,2.0,November,2019/20,Tax
2019-12-01,Annual Tax on Enveloped Dwellings,0.0,December,2019/20,Tax
2020-01-01,Annual Tax on Enveloped Dwellings,1.0,January,2019/20,Tax
2020-02-01,Annual Tax on Enveloped Dwellings,3.0,February,2019/20,Tax
2020-03-01,Annual Tax on Enveloped Dwellings,2.0,March,2019/20,Tax
2020-04-01,Annual Tax on Enveloped Dwellings,68.0,April,2020/21,Tax
2020-05-01,Annual Tax on Enveloped Dwellings,20.0,May,2020/21,Tax
2020-06-01,Annual Tax on Enveloped Dwellings,5.0,June,2020/21,Tax
2020-07-01,Annual Tax on Enveloped Dwellings,4.0,July,2020/21,Tax
2020-08-01,Annual Tax on Enveloped Dwellings,3.0,August,2020/21,Tax
2020-09-01,Annual Tax on Enveloped Dwellings,1.0,September,2020/21,Tax
2020-10-01,Annual Tax on Enveloped Dwellings,2.0,October,2020/21,Tax
2020-11-01,Annual Tax on Enveloped Dwellings,2.0,November,2020/21,Tax
2020-12-01,Annual Tax on Enveloped Dwellings,1.0,December,2020/21,Tax
2021-01-01,Annual Tax on Enveloped Dwellings,1.0,January,2020/21,Tax
2021-02-01,Annual Tax on Enveloped Dwellings,1.0,February,2020/21,Tax
2021-03-01,Annual Tax on Enveloped Dwellings,2.0,March,2020/21,Tax
2021-04-01,Annual Tax on Enveloped Dwellings,66.0,April,2021/22,Tax
2021-05-01,Annual Tax on Enveloped Dwellings,19.0,May,2021/22,Tax
2021-06-01,Annual Tax on Enveloped Dwellings,5.0,June,2021/22,Tax
2021-07-01,Annual Tax on Enveloped Dwellings,4.0,July,2021/22,Tax
2021-08-01,Annual Tax on Enveloped Dwellings,2.0,August,2021/22,Tax
2021-09-01,Annual Tax on Enveloped Dwellings,2.0,September,2021/22,Tax
2021-10-01,Annual Tax on Enveloped Dwellings,2.0,October,2021/22,Tax
2021-11-01,Annual Tax on Enveloped Dwellings,6.0,November,2021/22,Tax
2021-12-01,Annual Tax on Enveloped Dwellings,2.0,December,2021/22,Tax
2022-01-01,Annual Tax on Enveloped Dwellings,5.0,January,2021/22,Tax
2022-02-01,Annual Tax on Enveloped Dwellings,4.0,February,2021/22,Tax
2022-03-01,Annual Tax on Enveloped Dwellings,3.0,March,2021/22,Tax
2022-04-01,Annual Tax on Enveloped Dwellings,60.0,April,2022/23,Tax
2022-05-01,Annual Tax on Enveloped Dwellings,28.0,May,2022/23,Tax
2022-06-01,Annual Tax on Enveloped Dwellings,6.0,June,2022/23,Tax
2022-07-01,Annual Tax on Enveloped Dwellings,3.0,July,2022/23,Tax
2022-08-01,Annual Tax on Enveloped Dwellings,5.0,August,2022/23,Tax
2022-09-01,Annual Tax on Enveloped Dwellings,4.0,September,2022/23,Tax
2022-10-01,Annual Tax on Enveloped Dwellings,6.0,October,2022/23,Tax
2022-11-01,Annual Tax on Enveloped Dwellings,3.0,November,2022/23,Tax
2022-12-01,Annual Tax on Enveloped Dwellings,1.0,December,2022/23,Tax
2023-01-01,Annual Tax on Enveloped Dwellings,2.0,January,2022/23,Tax
2023-02-01,Annual Tax on Enveloped Dwellings,3.0,February,2022/23,Tax
2023-03-01,Annual Tax on Enveloped Dwellings,2.0,March,2022/23,Tax
2023-04-01,Annual Tax on Enveloped Dwellings,69.0,April,2023/24,Tax
2023-05-01,Annual Tax on Enveloped Dwellings,26.0,May,2023/24,Tax
2023-06-01,Annual Tax on Enveloped Dwellings,7.0,June,2023/24,Tax
2023-07-01,Annual Tax on Enveloped Dwellings,4.0,July,2023/24,Tax
2023-08-01,Annual Tax on Enveloped Dwellings,4.0,August,2023/24,Tax
2023-09-01,Annual Tax on Enveloped Dwellings,7.0,September,2023/24,Tax
2023-10-01,Annual Tax on Enveloped Dwellings,4.0,October,2023/24,Tax
2023-11-01,Annual Tax on Enveloped Dwellings,3.0,November,2023/24,Tax
2023-12-01,Annual Tax on Enveloped Dwellings,3.0,December,2023/24,Tax
2024-01-01,Annual Tax on Enveloped Dwellings,2.0,January,2023/24,Tax
2024-02-01,Annual Tax on Enveloped Dwellings,3.0,February,2023/24,Tax
2024-03-01,Annual Tax on Enveloped Dwellings,1.0,March,2023/24,Tax
2024-04-01,Annual Tax on Enveloped Dwellings,78.0,April,2024/25,Tax
2024-05-01,Annual Tax on Enveloped Dwellings,24.0,May,2024/25,Tax
2024-06-01,Annual Tax on Enveloped Dwellings,4.0,June,2024/25,Tax
2024-07-01,Annual Tax on Enveloped Dwellings,4.0,July,2024/25,Tax
2024-08-01,Annual Tax on Enveloped Dwellings,3.0,August,2024/25,Tax
2024-09-01,Annual Tax on Enveloped Dwellings,4.0,September,2024/25,Tax
2024-10-01,Annual Tax on Enveloped Dwellings,4.0,October,2024/25,Tax
2024-11-01,Annual Tax on Enveloped Dwellings,4.0,November,2024/25,Tax
2024-12-01,Annual Tax on Enveloped Dwellings,3.0,December,2024/25,Tax
2025-01-01,Annual Tax on Enveloped Dwellings,1.0,January,2024/25,Tax
2025-02-01,Annual Tax on Enveloped Dwellings,2.0,February,2024/25,Tax
2025-03-01,Annual Tax on Enveloped Dwellings,2.0,March,2024/25,Tax
2025-04-01,Annual Tax on Enveloped Dwellings,79.0,April,2025/26,Tax
2025-05-01,Annual Tax on Enveloped Dwellings,19.0,May,2025/26,Tax
2025-06-01,Annual Tax on Enveloped Dwellings,11.0,June,2025/26,Tax
2025-07-01,Annual Tax on Enveloped Dwellings,4.0,July,2025/26,Tax
2025-08-01,Annual Tax on Enveloped Dwellings,3.0,August,2025/26,Tax
2025-09-01,Annual Tax on Enveloped Dwellings,4.0,September,2025/26,Tax
2025-10-01,Annual Tax on Enveloped Dwellings,3.0,October,2025/26,Tax
2025-11-01,Annual Tax on Enveloped Dwellings,4.0,November,2025/26,Tax
2025-12-01,Annual Tax on Enveloped Dwellings,3.0,December,2025/26,Tax
2026-01-01,Annual Tax on Enveloped Dwellings,3.0,January,2025/26,Tax
2026-02-01,Annual Tax on Enveloped Dwellings,3.0,February,2025/26,Tax
2026-03-01,Annual Tax on Enveloped Dwellings,3.0,March,2025/26,Tax
2026-04-01,Annual Tax on Enveloped Dwellings,86.0,April,2026/27,Tax
2026-05-01,Annual Tax on Enveloped Dwellings,15.0,May,2026/27,Tax
2026-06-01,Annual Tax on Enveloped Dwellings,6.0,June,2026/27,Tax
2026-07-01,Annual Tax on Enveloped Dwellings,4.0,July,2026/27,Tax
2026-08-01,Annual Tax on Enveloped Dwellings,2.0,August,2026/27,Tax
2017-04-01,Tobacco Duties,845.0,April,2017/18,Tax
2017-05-01,Tobacco Duties,488.0,May,2017/18,Tax
2017-06-01,Tobacco Duties,755.0,June,2017/18,Tax
2017-07-01,Tobacco Duties,800.0,July,2017/18,Tax
2017-08-01,Tobacco Duties,757.0,August,2017/18,Tax
2017-09-01,Tobacco Duties,851.0,September,2017/18,Tax
2017-10-01,Tobacco Duties,753.0,October,2017/18,Tax
2017-11-01,Tobacco Duties,653.0,November,2017/18,Tax
2017-12-01,Tobacco Duties,1170.0,December,2017/18,Tax
2018-01-01,Tobacco Duties,554.0,January,2017/18,Tax
2018-02-01,Tobacco Duties,524.0,February,2017/18,Tax
2018-03-01,Tobacco Duties,677.0,March,2017/18,Tax
2018-04-01,Tobacco Duties,784.0,April,2018/19,Tax
2018-05-01,Tobacco Duties,970.0,May,2018/19,Tax
2018-06-01,Tobacco Duties,651.0,June,2018/19,Tax
2018-07-01,Tobacco Duties,803.0,July,2018/19,Tax
2018-08-01,Tobacco Duties,744.0,August,2018/19,Tax
2018-09-01,Tobacco Duties,921.0,September,2018/19,Tax
2018-10-01,Tobacco Duties,705.0,October,2018/19,Tax
2018-11-01,Tobacco Duties,1242.0,November,2018/19,Tax
2018-12-01,Tobacco Duties,269.0,December,2018/19,Tax
2019-01-01,Tobacco Duties,686.0,January,2018/19,Tax
2019-02-01,Tobacco Duties,648.0,February,2018/19,Tax
2019-03-01,Tobacco Duties,866.0,March,2018/19,Tax
2019-04-01,Tobacco Duties,647.0,April,2019/20,Tax
2019-05-01,Tobacco Duties,648.0,May,2019/20,Tax
2019-06-01,Tobacco Duties,767.0,June,2019/20,Tax
2019-07-01,Tobacco Duties,724.0,July,2019/20,Tax
2019-08-01,Tobacco Duties,889.0,August,2019/20,Tax
2019-09-01,Tobacco Duties,914.0,September,2019/20,Tax
2019-10-01,Tobacco Duties,669.0,October,2019/20,Tax
2019-11-01,Tobacco Duties,637.0,November,2019/20,Tax
2019-12-01,Tobacco Duties,590.0,December,2019/20,Tax
2020-01-01,Tobacco Duties,1039.0,January,2019/20,Tax
2020-02-01,Tobacco Duties,473.0,February,2019/20,Tax
2020-03-01,Tobacco Duties,805.0,March,2019/20,Tax
2020-04-01,Tobacco Duties,1538.0,April,2020/21,Tax
2020-05-01,Tobacco Duties,230.0,May,2020/21,Tax
2020-06-01,Tobacco Duties,541.0,June,2020/21,Tax
2020-07-01,Tobacco Duties,870.0,July,2020/21,Tax
2020-08-01,Tobacco Duties,888.0,August,2020/21,Tax
2020-09-01,Tobacco Duties,1053.0,September,2020/21,Tax
2020-10-01,Tobacco Duties,827.0,October,2020/21,Tax
2020-11-01,Tobacco Duties,885.0,November,2020/21,Tax
2020-12-01,Tobacco Duties,699.0,December,2020/21,Tax
2021-01-01,Tobacco Duties,981.0,January,2020/21,Tax
2021-02-01,Tobacco Duties,588.0,February,2020/21,Tax
2021-03-01,Tobacco Duties,864.0,March,2020/21,Tax
2021-04-01,Tobacco Duties,1362.0,April,2021/22,Tax
2021-05-01,Tobacco Duties,450.0,May,2021/22,Tax
2021-06-01,Tobacco Duties,612.0,June,2021/22,Tax
2021-07-01,Tobacco Duties,1211.0,July,2021/22,Tax
2021-08-01,Tobacco Duties,709.0,August,2021/22,Tax
2021-09-01,Tobacco Duties,1171.0,September,2021/22,Tax
2021-10-01,Tobacco Duties,758.0,October,2021/22,Tax
2021-11-01,Tobacco Duties,915.0,November,2021/22,Tax
2021-12-01,Tobacco Duties,738.0,December,2021/22,Tax
2022-01-01,Tobacco Duties,876.0,January,2021/22,Tax
2022-02-01,Tobacco Duties,695.0,February,2021/22,Tax
2022-03-01,Tobacco Duties,780.0,March,2021/22,Tax
2022-04-01,Tobacco Duties,1276.0,April,2022/23,Tax
2022-05-01,Tobacco Duties,613.0,May,2022/23,Tax
2022-06-01,Tobacco Duties,695.0,June,2022/23,Tax
2022-07-01,Tobacco Duties,900.0,July,2022/23,Tax
2022-08-01,Tobacco Duties,773.0,August,2022/23,Tax
2022-09-01,Tobacco Duties,1221.0,September,2022/23,Tax
2022-10-01,Tobacco Duties,677.0,October,2022/23,Tax
2022-11-01,Tobacco Duties,713.0,November,2022/23,Tax
2022-12-01,Tobacco Duties,988.0,December,2022/23,Tax
2023-01-01,Tobacco Duties,748.0,January,2022/23,Tax
2023-02-01,Tobacco Duties,581.0,February,2022/23,Tax
2023-03-01,Tobacco Duties,818.0,March,2022/23,Tax
2023-04-01,Tobacco Duties,648.0,April,2023/24,Tax
2023-05-01,Tobacco Duties,503.0,May,2023/24,Tax
2023-06-01,Tobacco Duties,555.0,June,2023/24,Tax
2023-07-01,Tobacco Duties,923.0,July,2023/24,Tax
2023-08-01,Tobacco Duties,865.0,August,2023/24,Tax
2023-09-01,Tobacco Duties,927.0,September,2023/24,Tax
2023-10-01,Tobacco Duties,715.0,October,2023/24,Tax
2023-11-01,Tobacco Duties,671.0,November,2023/24,Tax
2023-12-01,Tobacco Duties,751.0,December,2023/24,Tax
2024-01-01,Tobacco Duties,901.0,January,2023/24,Tax
2024-02-01,Tobacco Duties,657.0,February,2023/24,Tax
2024-03-01,Tobacco Duties,687.0,March,2023/24,Tax
2024-04-01,Tobacco Duties,814.0,April,2024/25,Tax
2024-05-01,Tobacco Duties,459.0,May,2024/25,Tax
2024-06-01,Tobacco Duties,619.0,June,2024/25,Tax
2024-07-01,Tobacco Duties,783.0,July,2024/25,Tax
2024-08-01,Tobacco Duties,797.0,August,2024/25,Tax
2024-09-01,Tobacco Duties,798.0,September,2024/25,Tax
2024-10-01,Tobacco Duties,653.0,October,2024/25,Tax
2024-11-01,Tobacco Duties,755.0,November,2024/25,Tax
2024-12-01,Tobacco Duties,493.0,December,2024/25,Tax
2025-01-01,Tobacco Duties,610.0,January,2024/25,Tax
2025-02-01,Tobacco Duties,668.0,February,2024/25,Tax
2025-03-01,Tobacco Duties,478.0,March,2024/25,Tax
2025-04-01,Tobacco Duties,796.0,April,2025/26,Tax
2025-05-01,Tobacco Duties,599.0,May,2025/26,Tax
2025-06-01,Tobacco Duties,669.0,June,2025/26,Tax
2025-07-01,Tobacco Duties,773.0,July,2025/26,Tax
2025-08-01,Tobacco Duties,646.0,August,2025/26,Tax
2025-09-01,Tobacco Duties,732.0,September,2025/26,Tax
2025-10-01,Tobacco Duties,644.0,October,2025/26,Tax
2025-11-01,Tobacco Duties,593.0,November,2025/26,Tax
2025-12-01,Tobacco Duties,647.0,December,2025/26,Tax
2026-01-01,Tobacco Duties,431.0,January,2025/26,Tax
2026-02-01,Tobacco Duties,461.0,February,2025/26,Tax
2026-03-01,Tobacco Duties,577.0,March,2025/26,Tax
2026-04-01,Tobacco Duties,696.0,April,2026/27,Tax
2026-05-01,Tobacco Duties,587.0,May,2026/27,Tax
2026-06-01,Tobacco Duties,652.0,June,2026/27,Tax
2026-07-01,Tobacco Duties,983.0,July,2026/27,Tax
2026-08-01,Tobacco Duties,499.0,August,2026/27,Tax
2017-04-01,Spirits Duties,214.0,April,2017/18,Tax
2017-05-01,Spirits Duties,198.0,May,2017/18,Tax
2017-06-01,Spirits Duties,285.0,June,2017/18,Tax
2017-07-01,Spirits Duties,274.0,July,2017/18,Tax
2017-08-01,Spirits Duties,254.0,August,2017/18,Tax
2017-09-01,Spirits Duties,288.0,September,2017/18,Tax
2017-10-01,Spirits Duties,309.0,October,2017/18,Tax
2017-11-01,Spirits Duties,415.0,November,2017/18,Tax
2017-12-01,Spirits Duties,508.0,December,2017/18,Tax
2018-01-01,Spirits Duties,243.0,January,2017/18,Tax
2018-02-01,Spirits Duties,197.0,February,2017/18,Tax
2018-03-01,Spirits Duties,244.0,March,2017/18,Tax
2018-04-01,Spirits Duties,304.0,April,2018/19,Tax
2018-05-01,Spirits Duties,272.0,May,2018/19,Tax
2018-06-01,Spirits Duties,320.0,June,2018/19,Tax
2018-07-01,Spirits Duties,296.0,July,2018/19,Tax
2018-08-01,Spirits Duties,304.0,August,2018/19,Tax
2018-09-01,Spirits Duties,308.0,September,2018/19,Tax
2018-10-01,Spirits Duties,306.0,October,2018/19,Tax
2018-11-01,Spirits Duties,463.0,November,2018/19,Tax
2018-12-01,Spirits Duties,503.0,December,2018/19,Tax
2019-01-01,Spirits Duties,249.0,January,2018/19,Tax
2019-02-01,Spirits Duties,228.0,February,2018/19,Tax
2019-03-01,Spirits Duties,226.0,March,2018/19,Tax
2019-04-01,Spirits Duties,313.0,April,2019/20,Tax
2019-05-01,Spirits Duties,286.0,May,2019/20,Tax
2019-06-01,Spirits Duties,326.0,June,2019/20,Tax
2019-07-01,Spirits Duties,275.0,July,2019/20,Tax
2019-08-01,Spirits Duties,305.0,August,2019/20,Tax
2019-09-01,Spirits Duties,320.0,September,2019/20,Tax
2019-10-01,Spirits Duties,311.0,October,2019/20,Tax
2019-11-01,Spirits Duties,442.0,November,2019/20,Tax
2019-12-01,Spirits Duties,489.0,December,2019/20,Tax
2020-01-01,Spirits Duties,257.0,January,2019/20,Tax
2020-02-01,Spirits Duties,233.0,February,2019/20,Tax
2020-03-01,Spirits Duties,269.0,March,2019/20,Tax
2020-04-01,Spirits Duties,286.0,April,2020/21,Tax
2020-05-01,Spirits Duties,340.0,May,2020/21,Tax
2020-06-01,Spirits Duties,332.0,June,2020/21,Tax
2020-07-01,Spirits Duties,338.0,July,2020/21,Tax
2020-08-01,Spirits Duties,360.0,August,2020/21,Tax
2020-09-01,Spirits Duties,331.0,September,2020/21,Tax
2020-10-01,Spirits Duties,390.0,October,2020/21,Tax
2020-11-01,Spirits Duties,453.0,November,2020/21,Tax
2020-12-01,Spirits Duties,476.0,December,2020/21,Tax
2021-01-01,Spirits Duties,302.0,January,2020/21,Tax
2021-02-01,Spirits Duties,229.0,February,2020/21,Tax
2021-03-01,Spirits Duties,280.0,March,2020/21,Tax
2021-04-01,Spirits Duties,328.0,April,2021/22,Tax
2021-05-01,Spirits Duties,368.0,May,2021/22,Tax
2021-06-01,Spirits Duties,359.0,June,2021/22,Tax
2021-07-01,Spirits Duties,362.0,July,2021/22,Tax
2021-08-01,Spirits Duties,362.0,August,2021/22,Tax
2021-09-01,Spirits Duties,359.0,September,2021/22,Tax
2021-10-01,Spirits Duties,420.0,October,2021/22,Tax
2021-11-01,Spirits Duties,507.0,November,2021/22,Tax
2021-12-01,Spirits Duties,517.0,December,2021/22,Tax
2022-01-01,Spirits Duties,274.0,January,2021/22,Tax
2022-02-01,Spirits Duties,256.0,February,2021/22,Tax
2022-03-01,Spirits Duties,288.0,March,2021/22,Tax
2022-04-01,Spirits Duties,369.0,April,2022/23,Tax
2022-05-01,Spirits Duties,299.0,May,2022/23,Tax
2022-06-01,Spirits Duties,367.0,June,2022/23,Tax
2022-07-01,Spirits Duties,334.0,July,2022/23,Tax
2022-08-01,Spirits Duties,314.0,August,2022/23,Tax
2022-09-01,Spirits Duties,337.0,September,2022/23,Tax
2022-10-01,Spirits Duties,390.0,October,2022/23,Tax
2022-11-01,Spirits Duties,407.0,November,2022/23,Tax
2022-12-01,Spirits Duties,521.0,December,2022/23,Tax
2023-01-01,Spirits Duties,261.0,January,2022/23,Tax
2023-02-01,Spirits Duties,233.0,February,2022/23,Tax
2023-03-01,Spirits Duties,302.0,March,2022/23,Tax
2023-04-01,Spirits Duties,337.0,April,2023/24,Tax
2023-05-01,Spirits Duties,314.0,May,2023/24,Tax
2023-06-01,Spirits Duties,349.0,June,2023/24,Tax
2023-07-01,Spirits Duties,484.0,July,2023/24,Tax
2023-08-01,Spirits Duties,528.0,August,2023/24,Tax
2023-09-01,Spirits Duties,193.0,September,2023/24,Tax
2023-10-01,Spirits Duties,307.0,October,2023/24,Tax
2023-11-01,Spirits Duties,392.0,November,2023/24,Tax
2023-12-01,Spirits Duties,471.0,December,2023/24,Tax
2024-01-01,Spirits Duties,256.0,January,2023/24,Tax
2024-02-01,Spirits Duties,238.0,February,2023/24,Tax
2024-03-01,Spirits Duties,269.0,March,2023/24,Tax
2024-04-01,Spirits Duties,309.0,April,2024/25,Tax
2024-05-01,Spirits Duties,320.0,May,2024/25,Tax
2024-06-01,Spirits Duties,352.0,June,2024/25,Tax
2024-07-01,Spirits Duties,316.0,July,2024/25,Tax
2024-08-01,Spirits Duties,320.0,August,2024/25,Tax
2024-09-01,Spirits Duties,323.0,September,2024/25,Tax
2024-10-01,Spirits Duties,372.0,October,2024/25,Tax
2024-11-01,Spirits Duties,347.0,November,2024/25,Tax
2024-12-01,Spirits Duties,590.0,December,2024/25,Tax
2025-01-01,Spirits Duties,283.0,January,2024/25,Tax
2025-02-01,Spirits Duties,347.0,February,2024/25,Tax
2025-03-01,Spirits Duties,275.0,March,2024/25,Tax
2025-04-01,Spirits Duties,269.0,April,2025/26,Tax
2025-05-01,Spirits Duties,209.0,May,2025/26,Tax
2025-06-01,Spirits Duties,395.0,June,2025/26,Tax
2025-07-01,Spirits Duties,291.0,July,2025/26,Tax
2025-08-01,Spirits Duties,375.0,August,2025/26,Tax
2025-09-01,Spirits Duties,266.0,September,2025/26,Tax
2025-10-01,Spirits Duties,356.0,October,2025/26,Tax
2025-11-01,Spirits Duties,533.0,November,2025/26,Tax
2025-12-01,Spirits Duties,486.0,December,2025/26,Tax
2026-01-01,Spirits Duties,207.0,January,2025/26,Tax
2026-02-01,Spirits Duties,400.0,February,2025/26,Tax
2026-03-01,Spirits Duties,282.0,March,2025/26,Tax
2026-04-01,Spirits Duties,277.0,April,2026/27,Tax
2026-05-01,Spirits Duties,330.0,May,2026/27,Tax
2026-06-01,Spirits Duties,299.0,June,2026/27,Tax
2026-07-01,Spirits Duties,256.0,July,2026/27,Tax
2026-08-01,Spirits Duties,452.0,August,2026/27,Tax
2017-04-01,Beer Duties,305.0,April,2017/18,Tax
2017-05-01,Beer Duties,282.0,May,2017/18,Tax
2017-06-01,Beer Duties,320.0,June,2017/18,Tax
2017-07-01,Beer Duties,315.0,July,2017/18,Tax
2017-08-01,Beer Duties,294.0,August,2017/18,Tax
2017-09-01,Beer Duties,314.0,September,2017/18,Tax
2017-10-01,Beer Duties,255.0,October,2017/18,Tax
2017-11-01,Beer Duties,298.0,November,2017/18,Tax
2017-12-01,Beer Duties,344.0,December,2017/18,Tax
2018-01-01,Beer Duties,291.0,January,2017/18,Tax
2018-02-01,Beer Duties,200.0,February,2017/18,Tax
2018-03-01,Beer Duties,242.0,March,2017/18,Tax
2018-04-01,Beer Duties,308.0,April,2018/19,Tax
2018-05-01,Beer Duties,313.0,May,2018/19,Tax
2018-06-01,Beer Duties,361.0,June,2018/19,Tax
2018-07-01,Beer Duties,336.0,July,2018/19,Tax
2018-08-01,Beer Duties,338.0,August,2018/19,Tax
2018-09-01,Beer Duties,319.0,September,2018/19,Tax
2018-10-01,Beer Duties,257.0,October,2018/19,Tax
2018-11-01,Beer Duties,318.0,November,2018/19,Tax
2018-12-01,Beer Duties,342.0,December,2018/19,Tax
2019-01-01,Beer Duties,304.0,January,2018/19,Tax
2019-02-01,Beer Duties,212.0,February,2018/19,Tax
2019-03-01,Beer Duties,255.0,March,2018/19,Tax
2019-04-01,Beer Duties,305.0,April,2019/20,Tax
2019-05-01,Beer Duties,332.0,May,2019/20,Tax
2019-06-01,Beer Duties,340.0,June,2019/20,Tax
2019-07-01,Beer Duties,306.0,July,2019/20,Tax
2019-08-01,Beer Duties,310.0,August,2019/20,Tax
2019-09-01,Beer Duties,352.0,September,2019/20,Tax
2019-10-01,Beer Duties,274.0,October,2019/20,Tax
2019-11-01,Beer Duties,254.0,November,2019/20,Tax
2019-12-01,Beer Duties,401.0,December,2019/20,Tax
2020-01-01,Beer Duties,318.0,January,2019/20,Tax
2020-02-01,Beer Duties,211.0,February,2019/20,Tax
2020-03-01,Beer Duties,43.0,March,2019/20,Tax
2020-04-01,Beer Duties,69.0,April,2020/21,Tax
2020-05-01,Beer Duties,117.0,May,2020/21,Tax
2020-06-01,Beer Duties,535.0,June,2020/21,Tax
2020-07-01,Beer Duties,309.0,July,2020/21,Tax
2020-08-01,Beer Duties,372.0,August,2020/21,Tax
2020-09-01,Beer Duties,331.0,September,2020/21,Tax
2020-10-01,Beer Duties,315.0,October,2020/21,Tax
2020-11-01,Beer Duties,278.0,November,2020/21,Tax
2020-12-01,Beer Duties,250.0,December,2020/21,Tax
2021-01-01,Beer Duties,232.0,January,2020/21,Tax
2021-02-01,Beer Duties,149.0,February,2020/21,Tax
2021-03-01,Beer Duties,127.0,March,2020/21,Tax
2021-04-01,Beer Duties,256.0,April,2021/22,Tax
2021-05-01,Beer Duties,309.0,May,2021/22,Tax
2021-06-01,Beer Duties,343.0,June,2021/22,Tax
2021-07-01,Beer Duties,381.0,July,2021/22,Tax
2021-08-01,Beer Duties,343.0,August,2021/22,Tax
2021-09-01,Beer Duties,336.0,September,2021/22,Tax
2021-10-01,Beer Duties,345.0,October,2021/22,Tax
2021-11-01,Beer Duties,340.0,November,2021/22,Tax
2021-12-01,Beer Duties,357.0,December,2021/22,Tax
2022-01-01,Beer Duties,266.0,January,2021/22,Tax
2022-02-01,Beer Duties,227.0,February,2021/22,Tax
2022-03-01,Beer Duties,244.0,March,2021/22,Tax
2022-04-01,Beer Duties,316.0,April,2022/23,Tax
2022-05-01,Beer Duties,319.0,May,2022/23,Tax
2022-06-01,Beer Duties,350.0,June,2022/23,Tax
2022-07-01,Beer Duties,308.0,July,2022/23,Tax
2022-08-01,Beer Duties,325.0,August,2022/23,Tax
2022-09-01,Beer Duties,356.0,September,2022/23,Tax
2022-10-01,Beer Duties,288.0,October,2022/23,Tax
2022-11-01,Beer Duties,314.0,November,2022/23,Tax
2022-12-01,Beer Duties,305.0,December,2022/23,Tax
2023-01-01,Beer Duties,328.0,January,2022/23,Tax
2023-02-01,Beer Duties,200.0,February,2022/23,Tax
2023-03-01,Beer Duties,271.0,March,2022/23,Tax
2023-04-01,Beer Duties,319.0,April,2023/24,Tax
2023-05-01,Beer Duties,300.0,May,2023/24,Tax
2023-06-01,Beer Duties,310.0,June,2023/24,Tax
2023-07-01,Beer Duties,388.0,July,2023/24,Tax
2023-08-01,Beer Duties,404.0,August,2023/24,Tax
2023-09-01,Beer Duties,255.0,September,2023/24,Tax
2023-10-01,Beer Duties,264.0,October,2023/24,Tax
2023-11-01,Beer Duties,299.0,November,2023/24,Tax
2023-12-01,Beer Duties,343.0,December,2023/24,Tax
2024-01-01,Beer Duties,286.0,January,2023/24,Tax
2024-02-01,Beer Duties,215.0,February,2023/24,Tax
2024-03-01,Beer Duties,238.0,March,2023/24,Tax
2024-04-01,Beer Duties,286.0,April,2024/25,Tax
2024-05-01,Beer Duties,303.0,May,2024/25,Tax
2024-06-01,Beer Duties,359.0,June,2024/25,Tax
2024-07-01,Beer Duties,317.0,July,2024/25,Tax
2024-08-01,Beer Duties,322.0,August,2024/25,Tax
2024-09-01,Beer Duties,293.0,September,2024/25,Tax
2024-10-01,Beer Duties,268.0,October,2024/25,Tax
2024-11-01,Beer Duties,285.0,November,2024/25,Tax
2024-12-01,Beer Duties,313.0,December,2024/25,Tax
2025-01-01,Beer Duties,297.0,January,2024/25,Tax
2025-02-01,Beer Duties,308.0,February,2024/25,Tax
2025-03-01,Beer Duties,167.0,March,2024/25,Tax
2025-04-01,Beer Duties,289.0,April,2025/26,Tax
2025-05-01,Beer Duties,285.0,May,2025/26,Tax
2025-06-01,Beer Duties,346.0,June,2025/26,Tax
2025-07-01,Beer Duties,305.0,July,2025/26,Tax
2025-08-01,Beer Duties,323.0,August,2025/26,Tax
2025-09-01,Beer Duties,291.0,September,2025/26,Tax
2025-10-01,Beer Duties,257.0,October,2025/26,Tax
2025-11-01,Beer Duties,318.0,November,2025/26,Tax
2025-12-01,Beer Duties,300.0,December,2025/26,Tax
2026-01-01,Beer Duties,252.0,January,2025/26,Tax
2026-02-01,Beer Duties,307.0,February,2025/26,Tax
2026-03-01,Beer Duties,188.0,March,2025/26,Tax
2026-04-01,Beer Duties,249.0,April,2026/27,Tax
2026-05-01,Beer Duties,345.0,May,2026/27,Tax
2026-06-01,Beer Duties,282.0,June,2026/27,Tax
2026-07-01,Beer Duties,298.0,July,2026/27,Tax
2026-08-01,Beer Duties,389.0,August,2026/27,Tax
2017-04-01,Wines Duties,315.0,April,2017/18,Tax
2017-05-01,Wines Duties,309.0,May,2017/18,Tax
2017-06-01,Wines Duties,364.0,June,2017/18,Tax
2017-07-01,Wines Duties,356.0,July,2017/18,Tax
2017-08-01,Wines Duties,350.0,August,2017/18,Tax
2017-09-01,Wines Duties,370.0,September,2017/18,Tax
2017-10-01,Wines Duties,344.0,October,2017/18,Tax
2017-11-01,Wines Duties,424.0,November,2017/18,Tax
2017-12-01,Wines Duties,531.0,December,2017/18,Tax
2018-01-01,Wines Duties,332.0,January,2017/18,Tax
2018-02-01,Wines Duties,275.0,February,2017/18,Tax
2018-03-01,Wines Duties,287.0,March,2017/18,Tax
2018-04-01,Wines Duties,369.0,April,2018/19,Tax
2018-05-01,Wines Duties,351.0,May,2018/19,Tax
2018-06-01,Wines Duties,366.0,June,2018/19,Tax
2018-07-01,Wines Duties,366.0,July,2018/19,Tax
2018-08-01,Wines Duties,366.0,August,2018/19,Tax
2018-09-01,Wines Duties,354.0,September,2018/19,Tax
2018-10-01,Wines Duties,330.0,October,2018/19,Tax
2018-11-01,Wines Duties,423.0,November,2018/19,Tax
2018-12-01,Wines Duties,496.0,December,2018/19,Tax
2019-01-01,Wines Duties,327.0,January,2018/19,Tax
2019-02-01,Wines Duties,395.0,February,2018/19,Tax
2019-03-01,Wines Duties,248.0,March,2018/19,Tax
2019-04-01,Wines Duties,347.0,April,2019/20,Tax
2019-05-01,Wines Duties,343.0,May,2019/20,Tax
2019-06-01,Wines Duties,370.0,June,2019/20,Tax
2019-07-01,Wines Duties,337.0,July,2019/20,Tax
2019-08-01,Wines Duties,372.0,August,2019/20,Tax
2019-09-01,Wines Duties,343.0,September,2019/20,Tax
2019-10-01,Wines Duties,338.0,October,2019/20,Tax
2019-11-01,Wines Duties,483.0,November,2019/20,Tax
2019-12-01,Wines Duties,484.0,December,2019/20,Tax
2020-01-01,Wines Duties,344.0,January,2019/20,Tax
2020-02-01,Wines Duties,287.0,February,2019/20,Tax
2020-03-01,Wines Duties,246.0,March,2019/20,Tax
2020-04-01,Wines Duties,320.0,April,2020/21,Tax
2020-05-01,Wines Duties,380.0,May,2020/21,Tax
2020-06-01,Wines Duties,394.0,June,2020/21,Tax
2020-07-01,Wines Duties,381.0,July,2020/21,Tax
2020-08-01,Wines Duties,459.0,August,2020/21,Tax
2020-09-01,Wines Duties,390.0,September,2020/21,Tax
2020-10-01,Wines Duties,386.0,October,2020/21,Tax
2020-11-01,Wines Duties,450.0,November,2020/21,Tax
2020-12-01,Wines Duties,495.0,December,2020/21,Tax
2021-01-01,Wines Duties,338.0,January,2020/21,Tax
2021-02-01,Wines Duties,303.0,February,2020/21,Tax
2021-03-01,Wines Duties,363.0,March,2020/21,Tax
2021-04-01,Wines Duties,411.0,April,2021/22,Tax
2021-05-01,Wines Duties,400.0,May,2021/22,Tax
2021-06-01,Wines Duties,420.0,June,2021/22,Tax
2021-07-01,Wines Duties,392.0,July,2021/22,Tax
2021-08-01,Wines Duties,392.0,August,2021/22,Tax
2021-09-01,Wines Duties,388.0,September,2021/22,Tax
2021-10-01,Wines Duties,406.0,October,2021/22,Tax
2021-11-01,Wines Duties,464.0,November,2021/22,Tax
2021-12-01,Wines Duties,520.0,December,2021/22,Tax
2022-01-01,Wines Duties,309.0,January,2021/22,Tax
2022-02-01,Wines Duties,336.0,February,2021/22,Tax
2022-03-01,Wines Duties,295.0,March,2021/22,Tax
2022-04-01,Wines Duties,422.0,April,2022/23,Tax
2022-05-01,Wines Duties,336.0,May,2022/23,Tax
2022-06-01,Wines Duties,398.0,June,2022/23,Tax
2022-07-01,Wines Duties,371.0,July,2022/23,Tax
2022-08-01,Wines Duties,366.0,August,2022/23,Tax
2022-09-01,Wines Duties,358.0,September,2022/23,Tax
2022-10-01,Wines Duties,357.0,October,2022/23,Tax
2022-11-01,Wines Duties,385.0,November,2022/23,Tax
2022-12-01,Wines Duties,544.0,December,2022/23,Tax
2023-01-01,Wines Duties,311.0,January,2022/23,Tax
2023-02-01,Wines Duties,287.0,February,2022/23,Tax
2023-03-01,Wines Duties,255.0,March,2022/23,Tax
2023-04-01,Wines Duties,388.0,April,2023/24,Tax
2023-05-01,Wines Duties,357.0,May,2023/24,Tax
2023-06-01,Wines Duties,341.0,June,2023/24,Tax
2023-07-01,Wines Duties,424.0,July,2023/24,Tax
2023-08-01,Wines Duties,623.0,August,2023/24,Tax
2023-09-01,Wines Duties,253.0,September,2023/24,Tax
2023-10-01,Wines Duties,360.0,October,2023/24,Tax
2023-11-01,Wines Duties,399.0,November,2023/24,Tax
2023-12-01,Wines Duties,462.0,December,2023/24,Tax
2024-01-01,Wines Duties,362.0,January,2023/24,Tax
2024-02-01,Wines Duties,313.0,February,2023/24,Tax
2024-03-01,Wines Duties,328.0,March,2023/24,Tax
2024-04-01,Wines Duties,381.0,April,2024/25,Tax
2024-05-01,Wines Duties,393.0,May,2024/25,Tax
2024-06-01,Wines Duties,378.0,June,2024/25,Tax
2024-07-01,Wines Duties,384.0,July,2024/25,Tax
2024-08-01,Wines Duties,381.0,August,2024/25,Tax
2024-09-01,Wines Duties,366.0,September,2024/25,Tax
2024-10-01,Wines Duties,406.0,October,2024/25,Tax
2024-11-01,Wines Duties,387.0,November,2024/25,Tax
2024-12-01,Wines Duties,585.0,December,2024/25,Tax
2025-01-01,Wines Duties,315.0,January,2024/25,Tax
2025-02-01,Wines Duties,426.0,February,2024/25,Tax
2025-03-01,Wines Duties,321.0,March,2024/25,Tax
2025-04-01,Wines Duties,346.0,April,2025/26,Tax
2025-05-01,Wines Duties,297.0,May,2025/26,Tax
2025-06-01,Wines Duties,404.0,June,2025/26,Tax
2025-07-01,Wines Duties,348.0,July,2025/26,Tax
2025-08-01,Wines Duties,391.0,August,2025/26,Tax
2025-09-01,Wines Duties,349.0,September,2025/26,Tax
2025-10-01,Wines Duties,441.0,October,2025/26,Tax
2025-11-01,Wines Duties,468.0,November,2025/26,Tax
2025-12-01,Wines Duties,528.0,December,2025/26,Tax
2026-01-01,Wines Duties,289.0,January,2025/26,Tax
2026-02-01,Wines Duties,390.0,February,2025/26,Tax
2026-03-01,Wines Duties,357.0,March,2025/26,Tax
2026-04-01,Wines Duties,370.0,April,2026/27,Tax
2026-05-01,Wines Duties,366.0,May,2026/27,Tax
2026-06-01,Wines Duties,338.0,June,2026/27,Tax
2026-07-01,Wines Duties,374.0,July,2026/27,Tax
2026-08-01,Wines Duties,434.0,August,2026/27,Tax
2017-04-01,Cider Duties,25.0,April,2017/18,Tax
2017-05-01,Cider Duties,23.0,May,2017/18,Tax
2017-06-01,Cider Duties,23.0,June,2017/18,Tax
2017-07-01,Cider Duties,30.0,July,2017/18,Tax
2017-08-01,Cider Duties,27.0,August,2017/18,Tax
2017-09-01,Cider Duties,27.0,September,2017/18,Tax
2017-10-01,Cider Duties,29.0,October,2017/18,Tax
2017-11-01,Cider Duties,25.0,November,2017/18,Tax
2017-12-01,Cider Duties,28.0,December,2017/18,Tax
2018-01-01,Cider Duties,21.0,January,2017/18,Tax
2018-02-01,Cider Duties,16.0,February,2017/18,Tax
2018-03-01,Cider Duties,20.0,March,2017/18,Tax
2018-04-01,Cider Duties,23.0,April,2018/19,Tax
2018-05-01,Cider Duties,22.0,May,2018/19,Tax
2018-06-01,Cider Duties,27.0,June,2018/19,Tax
2018-07-01,Cider Duties,29.0,July,2018/19,Tax
2018-08-01,Cider Duties,26.0,August,2018/19,Tax
2018-09-01,Cider Duties,22.0,September,2018/19,Tax
2018-10-01,Cider Duties,23.0,October,2018/19,Tax
2018-11-01,Cider Duties,24.0,November,2018/19,Tax
2018-12-01,Cider Duties,27.0,December,2018/19,Tax
2019-01-01,Cider Duties,20.0,January,2018/19,Tax
2019-02-01,Cider Duties,17.0,February,2018/19,Tax
2019-03-01,Cider Duties,18.0,March,2018/19,Tax
2019-04-01,Cider Duties,25.0,April,2019/20,Tax
2019-05-01,Cider Duties,26.0,May,2019/20,Tax
2019-06-01,Cider Duties,26.0,June,2019/20,Tax
2019-07-01,Cider Duties,22.0,July,2019/20,Tax
2019-08-01,Cider Duties,26.0,August,2019/20,Tax
2019-09-01,Cider Duties,24.0,September,2019/20,Tax
2019-10-01,Cider Duties,23.0,October,2019/20,Tax
2019-11-01,Cider Duties,22.0,November,2019/20,Tax
2019-12-01,Cider Duties,24.0,December,2019/20,Tax
2020-01-01,Cider Duties,20.0,January,2019/20,Tax
2020-02-01,Cider Duties,17.0,February,2019/20,Tax
2020-03-01,Cider Duties,15.0,March,2019/20,Tax
2020-04-01,Cider Duties,12.0,April,2020/21,Tax
2020-05-01,Cider Duties,24.0,May,2020/21,Tax
2020-06-01,Cider Duties,24.0,June,2020/21,Tax
2020-07-01,Cider Duties,26.0,July,2020/21,Tax
2020-08-01,Cider Duties,28.0,August,2020/21,Tax
2020-09-01,Cider Duties,24.0,September,2020/21,Tax
2020-10-01,Cider Duties,21.0,October,2020/21,Tax
2020-11-01,Cider Duties,25.0,November,2020/21,Tax
2020-12-01,Cider Duties,18.0,December,2020/21,Tax
2021-01-01,Cider Duties,16.0,January,2020/21,Tax
2021-02-01,Cider Duties,14.0,February,2020/21,Tax
2021-03-01,Cider Duties,15.0,March,2020/21,Tax
2021-04-01,Cider Duties,14.0,April,2021/22,Tax
2021-05-01,Cider Duties,24.0,May,2021/22,Tax
2021-06-01,Cider Duties,20.0,June,2021/22,Tax
2021-07-01,Cider Duties,20.0,July,2021/22,Tax
2021-08-01,Cider Duties,25.0,August,2021/22,Tax
2021-09-01,Cider Duties,25.0,September,2021/22,Tax
2021-10-01,Cider Duties,23.0,October,2021/22,Tax
2021-11-01,Cider Duties,16.0,November,2021/22,Tax
2021-12-01,Cider Duties,17.0,December,2021/22,Tax
2022-01-01,Cider Duties,20.0,January,2021/22,Tax
2022-02-01,Cider Duties,13.0,February,2021/22,Tax
2022-03-01,Cider Duties,18.0,March,2021/22,Tax
2022-04-01,Cider Duties,15.0,April,2022/23,Tax
2022-05-01,Cider Duties,25.0,May,2022/23,Tax
2022-06-01,Cider Duties,16.0,June,2022/23,Tax
2022-07-01,Cider Duties,21.0,July,2022/23,Tax
2022-08-01,Cider Duties,21.0,August,2022/23,Tax
2022-09-01,Cider Duties,17.0,September,2022/23,Tax
2022-10-01,Cider Duties,26.0,October,2022/23,Tax
2022-11-01,Cider Duties,34.0,November,2022/23,Tax
2022-12-01,Cider Duties,17.0,December,2022/23,Tax
2023-01-01,Cider Duties,18.0,January,2022/23,Tax
2023-02-01,Cider Duties,14.0,February,2022/23,Tax
2023-03-01,Cider Duties,13.0,March,2022/23,Tax
2023-04-01,Cider Duties,20.0,April,2023/24,Tax
2023-05-01,Cider Duties,20.0,May,2023/24,Tax
2023-06-01,Cider Duties,24.0,June,2023/24,Tax
2023-07-01,Cider Duties,18.0,July,2023/24,Tax
2023-08-01,Cider Duties,24.0,August,2023/24,Tax
2023-09-01,Cider Duties,15.0,September,2023/24,Tax
2023-10-01,Cider Duties,15.0,October,2023/24,Tax
2023-11-01,Cider Duties,22.0,November,2023/24,Tax
2023-12-01,Cider Duties,20.0,December,2023/24,Tax
2024-01-01,Cider Duties,20.0,January,2023/24,Tax
2024-02-01,Cider Duties,7.0,February,2023/24,Tax
2024-03-01,Cider Duties,17.0,March,2023/24,Tax
2024-04-01,Cider Duties,15.0,April,2024/25,Tax
2024-05-01,Cider Duties,22.0,May,2024/25,Tax
2024-06-01,Cider Duties,26.0,June,2024/25,Tax
2024-07-01,Cider Duties,27.0,July,2024/25,Tax
2024-08-01,Cider Duties,19.0,August,2024/25,Tax
2024-09-01,Cider Duties,22.0,September,2024/25,Tax
2024-10-01,Cider Duties,15.0,October,2024/25,Tax
2024-11-01,Cider Duties,13.0,November,2024/25,Tax
2024-12-01,Cider Duties,21.0,December,2024/25,Tax
2025-01-01,Cider Duties,18.0,January,2024/25,Tax
2025-02-01,Cider Duties,16.0,February,2024/25,Tax
2025-03-01,Cider Duties,8.0,March,2024/25,Tax
2025-04-01,Cider Duties,18.0,April,2025/26,Tax
2025-05-01,Cider Duties,22.0,May,2025/26,Tax
2025-06-01,Cider Duties,33.0,June,2025/26,Tax
2025-07-01,Cider Duties,27.0,July,2025/26,Tax
2025-08-01,Cider Duties,29.0,August,2025/26,Tax
2025-09-01,Cider Duties,25.0,September,2025/26,Tax
2025-10-01,Cider Duties,21.0,October,2025/26,Tax
2025-11-01,Cider Duties,31.0,November,2025/26,Tax
2025-12-01,Cider Duties,24.0,December,2025/26,Tax
2026-01-01,Cider Duties,19.0,January,2025/26,Tax
2026-02-01,Cider Duties,30.0,February,2025/26,Tax
2026-03-01,Cider Duties,17.0,March,2025/26,Tax
2026-04-01,Cider Duties,22.0,April,2026/27,Tax
2026-05-01,Cider Duties,28.0,May,2026/27,Tax
2026-06-01,Cider Duties,28.0,June,2026/27,Tax
2026-07-01,Cider Duties,26.0,July,2026/27,Tax
2026-08-01,Cider Duties,36.0,August,2026/27,Tax
2017-04-01,Betting & Gaming,234.0,April,2017/18,Tax
2017-05-01,Betting & Gaming,374.0,May,2017/18,Tax
2017-06-01,Betting & Gaming,136.0,June,2017/18,Tax
2017-07-01,Betting & Gaming,391.0,July,2017/18,Tax
2017-08-01,Betting & Gaming,125.0,August,2017/18,Tax
2017-09-01,Betting & Gaming,80.0,September,2017/18,Tax
2017-10-01,Betting & Gaming,538.0,October,2017/18,Tax
2017-11-01,Betting & Gaming,175.0,November,2017/18,Tax
2017-12-01,Betting & Gaming,101.0,December,2017/18,Tax
2018-01-01,Betting & Gaming,455.0,January,2017/18,Tax
2018-02-01,Betting & Gaming,130.0,February,2017/18,Tax
2018-03-01,Betting & Gaming,120.0,March,2017/18,Tax
2018-04-01,Betting & Gaming,377.0,April,2018/19,Tax
2018-05-01,Betting & Gaming,281.0,May,2018/19,Tax
2018-06-01,Betting & Gaming,129.0,June,2018/19,Tax
2018-07-01,Betting & Gaming,445.0,July,2018/19,Tax
2018-08-01,Betting & Gaming,138.0,August,2018/19,Tax
2018-09-01,Betting & Gaming,85.0,September,2018/19,Tax
2018-10-01,Betting & Gaming,557.0,October,2018/19,Tax
2018-11-01,Betting & Gaming,152.0,November,2018/19,Tax
2018-12-01,Betting & Gaming,115.0,December,2018/19,Tax
2019-01-01,Betting & Gaming,257.0,January,2018/19,Tax
2019-02-01,Betting & Gaming,323.0,February,2018/19,Tax
2019-03-01,Betting & Gaming,126.0,March,2018/19,Tax
2019-04-01,Betting & Gaming,361.0,April,2019/20,Tax
2019-05-01,Betting & Gaming,283.0,May,2019/20,Tax
2019-06-01,Betting & Gaming,88.0,June,2019/20,Tax
2019-07-01,Betting & Gaming,492.0,July,2019/20,Tax
2019-08-01,Betting & Gaming,128.0,August,2019/20,Tax
2019-09-01,Betting & Gaming,111.0,September,2019/20,Tax
2019-10-01,Betting & Gaming,523.0,October,2019/20,Tax
2019-11-01,Betting & Gaming,195.0,November,2019/20,Tax
2019-12-01,Betting & Gaming,142.0,December,2019/20,Tax
2020-01-01,Betting & Gaming,436.0,January,2019/20,Tax
2020-02-01,Betting & Gaming,129.0,February,2019/20,Tax
2020-03-01,Betting & Gaming,133.0,March,2019/20,Tax
2020-04-01,Betting & Gaming,225.0,April,2020/21,Tax
2020-05-01,Betting & Gaming,258.0,May,2020/21,Tax
2020-06-01,Betting & Gaming,150.0,June,2020/21,Tax
2020-07-01,Betting & Gaming,414.0,July,2020/21,Tax
2020-08-01,Betting & Gaming,149.0,August,2020/21,Tax
2020-09-01,Betting & Gaming,148.0,September,2020/21,Tax
2020-10-01,Betting & Gaming,298.0,October,2020/21,Tax
2020-11-01,Betting & Gaming,350.0,November,2020/21,Tax
2020-12-01,Betting & Gaming,125.0,December,2020/21,Tax
2021-01-01,Betting & Gaming,435.0,January,2020/21,Tax
2021-02-01,Betting & Gaming,162.0,February,2020/21,Tax
2021-03-01,Betting & Gaming,123.0,March,2020/21,Tax
2021-04-01,Betting & Gaming,415.0,April,2021/22,Tax
2021-05-01,Betting & Gaming,146.0,May,2021/22,Tax
2021-06-01,Betting & Gaming,148.0,June,2021/22,Tax
2021-07-01,Betting & Gaming,421.0,July,2021/22,Tax
2021-08-01,Betting & Gaming,225.0,August,2021/22,Tax
2021-09-01,Betting & Gaming,100.0,September,2021/22,Tax
2021-10-01,Betting & Gaming,349.0,October,2021/22,Tax
2021-11-01,Betting & Gaming,354.0,November,2021/22,Tax
2021-12-01,Betting & Gaming,108.0,December,2021/22,Tax
2022-01-01,Betting & Gaming,509.0,January,2021/22,Tax
2022-02-01,Betting & Gaming,156.0,February,2021/22,Tax
2022-03-01,Betting & Gaming,143.0,March,2021/22,Tax
2022-04-01,Betting & Gaming,504.0,April,2022/23,Tax
2022-05-01,Betting & Gaming,194.0,May,2022/23,Tax
2022-06-01,Betting & Gaming,112.0,June,2022/23,Tax
2022-07-01,Betting & Gaming,326.0,July,2022/23,Tax
2022-08-01,Betting & Gaming,390.0,August,2022/23,Tax
2022-09-01,Betting & Gaming,93.0,September,2022/23,Tax
2022-10-01,Betting & Gaming,341.0,October,2022/23,Tax
2022-11-01,Betting & Gaming,377.0,November,2022/23,Tax
2022-12-01,Betting & Gaming,109.0,December,2022/23,Tax
2023-01-01,Betting & Gaming,566.0,January,2022/23,Tax
2023-02-01,Betting & Gaming,145.0,February,2022/23,Tax
2023-03-01,Betting & Gaming,146.0,March,2022/23,Tax
2023-04-01,Betting & Gaming,554.0,April,2023/24,Tax
2023-05-01,Betting & Gaming,174.0,May,2023/24,Tax
2023-06-01,Betting & Gaming,139.0,June,2023/24,Tax
2023-07-01,Betting & Gaming,539.0,July,2023/24,Tax
2023-08-01,Betting & Gaming,145.0,August,2023/24,Tax
2023-09-01,Betting & Gaming,126.0,September,2023/24,Tax
2023-10-01,Betting & Gaming,572.0,October,2023/24,Tax
2023-11-01,Betting & Gaming,160.0,November,2023/24,Tax
2023-12-01,Betting & Gaming,127.0,December,2023/24,Tax
2024-01-01,Betting & Gaming,586.0,January,2023/24,Tax
2024-02-01,Betting & Gaming,136.0,February,2023/24,Tax
2024-03-01,Betting & Gaming,132.0,March,2023/24,Tax
2024-04-01,Betting & Gaming,624.0,April,2024/25,Tax
2024-05-01,Betting & Gaming,136.0,May,2024/25,Tax
2024-06-01,Betting & Gaming,124.0,June,2024/25,Tax
2024-07-01,Betting & Gaming,629.0,July,2024/25,Tax
2024-08-01,Betting & Gaming,119.0,August,2024/25,Tax
2024-09-01,Betting & Gaming,147.0,September,2024/25,Tax
2024-10-01,Betting & Gaming,622.0,October,2024/25,Tax
2024-11-01,Betting & Gaming,146.0,November,2024/25,Tax
2024-12-01,Betting & Gaming,151.0,December,2024/25,Tax
2025-01-01,Betting & Gaming,640.0,January,2024/25,Tax
2025-02-01,Betting & Gaming,149.0,February,2024/25,Tax
2025-03-01,Betting & Gaming,128.0,March,2024/25,Tax
2025-04-01,Betting & Gaming,644.0,April,2025/26,Tax
2025-05-01,Betting & Gaming,178.0,May,2025/26,Tax
2025-06-01,Betting & Gaming,160.0,June,2025/26,Tax
2025-07-01,Betting & Gaming,642.0,July,2025/26,Tax
2025-08-01,Betting & Gaming,162.0,August,2025/26,Tax
2025-09-01,Betting & Gaming,140.0,September,2025/26,Tax
2025-10-01,Betting & Gaming,612.0,October,2025/26,Tax
2025-11-01,Betting & Gaming,189.0,November,2025/26,Tax
2025-12-01,Betting & Gaming,133.0,December,2025/26,Tax
2026-01-01,Betting & Gaming,643.0,January,2025/26,Tax
2026-02-01,Betting & Gaming,177.0,February,2025/26,Tax
2026-03-01,Betting & Gaming,151.0,March,2025/26,Tax
2026-04-01,Betting & Gaming,692.0,April,2026/27,Tax
2026-05-01,Betting & Gaming,177.0,May,2026/27,Tax
2026-06-01,Betting & Gaming,116.0,June,2026/27,Tax
2026-07-01,Betting & Gaming,948.0,July,2026/27,Tax
2026-08-01,Betting & Gaming,220.0,August,2026/27,Tax
2017-04-01,Air Passenger Duty,277.0,April,2017/18,Tax
2017-05-01,Air Passenger Duty,190.0,May,2017/18,Tax
2017-06-01,Air Passenger Duty,364.0,June,2017/18,Tax
2017-07-01,Air Passenger Duty,296.0,July,2017/18,Tax
2017-08-01,Air Passenger Duty,203.0,August,2017/18,Tax
2017-09-01,Air Passenger Duty,404.0,September,2017/18,Tax
2017-10-01,Air Passenger Duty,370.0,October,2017/18,Tax
2017-11-01,Air Passenger Duty,308.0,November,2017/18,Tax
2017-12-01,Air Passenger Duty,243.0,December,2017/18,Tax
2018-01-01,Air Passenger Duty,295.0,January,2017/18,Tax
2018-02-01,Air Passenger Duty,65.0,February,2017/18,Tax
2018-03-01,Air Passenger Duty,337.0,March,2017/18,Tax
2018-04-01,Air Passenger Duty,285.0,April,2018/19,Tax
2018-05-01,Air Passenger Duty,278.0,May,2018/19,Tax
2018-06-01,Air Passenger Duty,305.0,June,2018/19,Tax
2018-07-01,Air Passenger Duty,323.0,July,2018/19,Tax
2018-08-01,Air Passenger Duty,358.0,August,2018/19,Tax
2018-09-01,Air Passenger Duty,349.0,September,2018/19,Tax
2018-10-01,Air Passenger Duty,337.0,October,2018/19,Tax
2018-11-01,Air Passenger Duty,310.0,November,2018/19,Tax
2018-12-01,Air Passenger Duty,231.0,December,2018/19,Tax
2019-01-01,Air Passenger Duty,335.0,January,2018/19,Tax
2019-02-01,Air Passenger Duty,258.0,February,2018/19,Tax
2019-03-01,Air Passenger Duty,264.0,March,2018/19,Tax
2019-04-01,Air Passenger Duty,297.0,April,2019/20,Tax
2019-05-01,Air Passenger Duty,320.0,May,2019/20,Tax
2019-06-01,Air Passenger Duty,347.0,June,2019/20,Tax
2019-07-01,Air Passenger Duty,370.0,July,2019/20,Tax
2019-08-01,Air Passenger Duty,394.0,August,2019/20,Tax
2019-09-01,Air Passenger Duty,363.0,September,2019/20,Tax
2019-10-01,Air Passenger Duty,360.0,October,2019/20,Tax
2019-11-01,Air Passenger Duty,363.0,November,2019/20,Tax
2019-12-01,Air Passenger Duty,294.0,December,2019/20,Tax
2020-01-01,Air Passenger Duty,331.0,January,2019/20,Tax
2020-02-01,Air Passenger Duty,292.0,February,2019/20,Tax
2020-03-01,Air Passenger Duty,82.0,March,2019/20,Tax
2020-04-01,Air Passenger Duty,30.0,April,2020/21,Tax
2020-05-01,Air Passenger Duty,7.0,May,2020/21,Tax
2020-06-01,Air Passenger Duty,62.0,June,2020/21,Tax
2020-07-01,Air Passenger Duty,43.0,July,2020/21,Tax
2020-08-01,Air Passenger Duty,34.0,August,2020/21,Tax
2020-09-01,Air Passenger Duty,93.0,September,2020/21,Tax
2020-10-01,Air Passenger Duty,87.0,October,2020/21,Tax
2020-11-01,Air Passenger Duty,39.0,November,2020/21,Tax
2020-12-01,Air Passenger Duty,89.0,December,2020/21,Tax
2021-01-01,Air Passenger Duty,59.0,January,2020/21,Tax
2021-02-01,Air Passenger Duty,32.0,February,2020/21,Tax
2021-03-01,Air Passenger Duty,25.0,March,2020/21,Tax
2021-04-01,Air Passenger Duty,20.0,April,2021/22,Tax
2021-05-01,Air Passenger Duty,18.0,May,2021/22,Tax
2021-06-01,Air Passenger Duty,26.0,June,2021/22,Tax
2021-07-01,Air Passenger Duty,38.0,July,2021/22,Tax
2021-08-01,Air Passenger Duty,63.0,August,2021/22,Tax
2021-09-01,Air Passenger Duty,77.0,September,2021/22,Tax
2021-10-01,Air Passenger Duty,91.0,October,2021/22,Tax
2021-11-01,Air Passenger Duty,126.0,November,2021/22,Tax
2021-12-01,Air Passenger Duty,149.0,December,2021/22,Tax
2022-01-01,Air Passenger Duty,154.0,January,2021/22,Tax
2022-02-01,Air Passenger Duty,111.0,February,2021/22,Tax
2022-03-01,Air Passenger Duty,146.0,March,2021/22,Tax
2022-04-01,Air Passenger Duty,200.0,April,2022/23,Tax
2022-05-01,Air Passenger Duty,225.0,May,2022/23,Tax
2022-06-01,Air Passenger Duty,263.0,June,2022/23,Tax
2022-07-01,Air Passenger Duty,269.0,July,2022/23,Tax
2022-08-01,Air Passenger Duty,307.0,August,2022/23,Tax
2022-09-01,Air Passenger Duty,306.0,September,2022/23,Tax
2022-10-01,Air Passenger Duty,290.0,October,2022/23,Tax
2022-11-01,Air Passenger Duty,299.0,November,2022/23,Tax
2022-12-01,Air Passenger Duty,250.0,December,2022/23,Tax
2023-01-01,Air Passenger Duty,288.0,January,2022/23,Tax
2023-02-01,Air Passenger Duty,245.0,February,2022/23,Tax
2023-03-01,Air Passenger Duty,242.0,March,2022/23,Tax
2023-04-01,Air Passenger Duty,285.0,April,2023/24,Tax
2023-05-01,Air Passenger Duty,287.0,May,2023/24,Tax
2023-06-01,Air Passenger Duty,315.0,June,2023/24,Tax
2023-07-01,Air Passenger Duty,332.0,July,2023/24,Tax
2023-08-01,Air Passenger Duty,371.0,August,2023/24,Tax
2023-09-01,Air Passenger Duty,347.0,September,2023/24,Tax
2023-10-01,Air Passenger Duty,347.0,October,2023/24,Tax
2023-11-01,Air Passenger Duty,353.0,November,2023/24,Tax
2023-12-01,Air Passenger Duty,292.0,December,2023/24,Tax
2024-01-01,Air Passenger Duty,323.0,January,2023/24,Tax
2024-02-01,Air Passenger Duty,279.0,February,2023/24,Tax
2024-03-01,Air Passenger Duty,280.0,March,2023/24,Tax
2024-04-01,Air Passenger Duty,320.0,April,2024/25,Tax
2024-05-01,Air Passenger Duty,305.0,May,2024/25,Tax
2024-06-01,Air Passenger Duty,346.0,June,2024/25,Tax
2024-07-01,Air Passenger Duty,357.0,July,2024/25,Tax
2024-08-01,Air Passenger Duty,403.0,August,2024/25,Tax
2024-09-01,Air Passenger Duty,374.0,September,2024/25,Tax
2024-10-01,Air Passenger Duty,378.0,October,2024/25,Tax
2024-11-01,Air Passenger Duty,376.0,November,2024/25,Tax
2024-12-01,Air Passenger Duty,311.0,December,2024/25,Tax
2025-01-01,Air Passenger Duty,360.0,January,2024/25,Tax
2025-02-01,Air Passenger Duty,297.0,February,2024/25,Tax
2025-03-01,Air Passenger Duty,298.0,March,2024/25,Tax
2025-04-01,Air Passenger Duty,336.0,April,2025/26,Tax
2025-05-01,Air Passenger Duty,363.0,May,2025/26,Tax
2025-06-01,Air Passenger Duty,392.0,June,2025/26,Tax
2025-07-01,Air Passenger Duty,398.0,July,2025/26,Tax
2025-08-01,Air Passenger Duty,439.0,August,2025/26,Tax
2025-09-01,Air Passenger Duty,434.0,September,2025/26,Tax
2025-10-01,Air Passenger Duty,383.0,October,2025/26,Tax
2025-11-01,Air Passenger Duty,435.0,November,2025/26,Tax
2025-12-01,Air Passenger Duty,355.0,December,2025/26,Tax
2026-01-01,Air Passenger Duty,409.0,January,2025/26,Tax
2026-02-01,Air Passenger Duty,356.0,February,2025/26,Tax
2026-03-01,Air Passenger Duty,318.0,March,2025/26,Tax
2026-04-01,Air Passenger Duty,334.0,April,2026/27,Tax
2026-05-01,Air Passenger Duty,362.0,May,2026/27,Tax
2026-06-01,Air Passenger Duty,414.0,June,2026/27,Tax
2026-07-01,Air Passenger Duty,445.0,July,2026/27,Tax
2026-08-01,Air Passenger Duty,481.0,August,2026/27,Tax
2017-04-01,Insurance Premium Tax,62.0,April,2017/18,Tax
2017-05-01,Insurance Premium Tax,1057.0,May,2017/18,Tax
2017-06-01,Insurance Premium Tax,83.0,June,2017/18,Tax
2017-07-01,Insurance Premium Tax,297.0,July,2017/18,Tax
2017-08-01,Insurance Premium Tax,1123.0,August,2017/18,Tax
2017-09-01,Insurance Premium Tax,42.0,September,2017/18,Tax
2017-10-01,Insurance Premium Tax,289.0,October,2017/18,Tax
2017-11-01,Insurance Premium Tax,1175.0,November,2017/18,Tax
2017-12-01,Insurance Premium Tax,12.0,December,2017/18,Tax
2018-01-01,Insurance Premium Tax,269.0,January,2017/18,Tax
2018-02-01,Insurance Premium Tax,1167.0,February,2017/18,Tax
2018-03-01,Insurance Premium Tax,94.0,March,2017/18,Tax
2018-04-01,Insurance Premium Tax,162.0,April,2018/19,Tax
2018-05-01,Insurance Premium Tax,1255.0,May,2018/19,Tax
2018-06-01,Insurance Premium Tax,13.0,June,2018/19,Tax
2018-07-01,Insurance Premium Tax,339.0,July,2018/19,Tax
2018-08-01,Insurance Premium Tax,1346.0,August,2018/19,Tax
2018-09-01,Insurance Premium Tax,13.0,September,2018/19,Tax
2018-10-01,Insurance Premium Tax,197.0,October,2018/19,Tax
2018-11-01,Insurance Premium Tax,1341.0,November,2018/19,Tax
2018-12-01,Insurance Premium Tax,6.0,December,2018/19,Tax
2019-01-01,Insurance Premium Tax,203.0,January,2018/19,Tax
2019-02-01,Insurance Premium Tax,1301.0,February,2018/19,Tax
2019-03-01,Insurance Premium Tax,21.0,March,2018/19,Tax
2019-04-01,Insurance Premium Tax,322.0,April,2019/20,Tax
2019-05-01,Insurance Premium Tax,1196.0,May,2019/20,Tax
2019-06-01,Insurance Premium Tax,20.0,June,2019/20,Tax
2019-07-01,Insurance Premium Tax,376.0,July,2019/20,Tax
2019-08-01,Insurance Premium Tax,1260.0,August,2019/20,Tax
2019-09-01,Insurance Premium Tax,46.0,September,2019/20,Tax
2019-10-01,Insurance Premium Tax,257.0,October,2019/20,Tax
2019-11-01,Insurance Premium Tax,1311.0,November,2019/20,Tax
2019-12-01,Insurance Premium Tax,43.0,December,2019/20,Tax
2020-01-01,Insurance Premium Tax,247.0,January,2019/20,Tax
2020-02-01,Insurance Premium Tax,1297.0,February,2019/20,Tax
2020-03-01,Insurance Premium Tax,41.0,March,2019/20,Tax
2020-04-01,Insurance Premium Tax,249.0,April,2020/21,Tax
2020-05-01,Insurance Premium Tax,1218.0,May,2020/21,Tax
2020-06-01,Insurance Premium Tax,135.0,June,2020/21,Tax
2020-07-01,Insurance Premium Tax,369.0,July,2020/21,Tax
2020-08-01,Insurance Premium Tax,1157.0,August,2020/21,Tax
2020-09-01,Insurance Premium Tax,45.0,September,2020/21,Tax
2020-10-01,Insurance Premium Tax,360.0,October,2020/21,Tax
2020-11-01,Insurance Premium Tax,1212.0,November,2020/21,Tax
2020-12-01,Insurance Premium Tax,19.0,December,2020/21,Tax
2021-01-01,Insurance Premium Tax,218.0,January,2020/21,Tax
2021-02-01,Insurance Premium Tax,1311.0,February,2020/21,Tax
2021-03-01,Insurance Premium Tax,16.0,March,2020/21,Tax
2021-04-01,Insurance Premium Tax,335.0,April,2021/22,Tax
2021-05-01,Insurance Premium Tax,1251.0,May,2021/22,Tax
2021-06-01,Insurance Premium Tax,16.0,June,2021/22,Tax
2021-07-01,Insurance Premium Tax,453.0,July,2021/22,Tax
2021-08-01,Insurance Premium Tax,1216.0,August,2021/22,Tax
2021-09-01,Insurance Premium Tax,31.0,September,2021/22,Tax
2021-10-01,Insurance Premium Tax,208.0,October,2021/22,Tax
2021-11-01,Insurance Premium Tax,1463.0,November,2021/22,Tax
2021-12-01,Insurance Premium Tax,66.0,December,2021/22,Tax
2022-01-01,Insurance Premium Tax,313.0,January,2021/22,Tax
2022-02-01,Insurance Premium Tax,1257.0,February,2021/22,Tax
2022-03-01,Insurance Premium Tax,18.0,March,2021/22,Tax
2022-04-01,Insurance Premium Tax,335.0,April,2022/23,Tax
2022-05-01,Insurance Premium Tax,1386.0,May,2022/23,Tax
2022-06-01,Insurance Premium Tax,46.0,June,2022/23,Tax
2022-07-01,Insurance Premium Tax,413.0,July,2022/23,Tax
2022-08-01,Insurance Premium Tax,1346.0,August,2022/23,Tax
2022-09-01,Insurance Premium Tax,98.0,September,2022/23,Tax
2022-10-01,Insurance Premium Tax,316.0,October,2022/23,Tax
2022-11-01,Insurance Premium Tax,1508.0,November,2022/23,Tax
2022-12-01,Insurance Premium Tax,24.0,December,2022/23,Tax
2023-01-01,Insurance Premium Tax,474.0,January,2022/23,Tax
2023-02-01,Insurance Premium Tax,1327.0,February,2022/23,Tax
2023-03-01,Insurance Premium Tax,69.0,March,2022/23,Tax
2023-04-01,Insurance Premium Tax,548.0,April,2023/24,Tax
2023-05-01,Insurance Premium Tax,1270.0,May,2023/24,Tax
2023-06-01,Insurance Premium Tax,62.0,June,2023/24,Tax
2023-07-01,Insurance Premium Tax,884.0,July,2023/24,Tax
2023-08-01,Insurance Premium Tax,1159.0,August,2023/24,Tax
2023-09-01,Insurance Premium Tax,71.0,September,2023/24,Tax
2023-10-01,Insurance Premium Tax,770.0,October,2023/24,Tax
2023-11-01,Insurance Premium Tax,1263.0,November,2023/24,Tax
2023-12-01,Insurance Premium Tax,76.0,December,2023/24,Tax
2024-01-01,Insurance Premium Tax,439.0,January,2023/24,Tax
2024-02-01,Insurance Premium Tax,1526.0,February,2023/24,Tax
2024-03-01,Insurance Premium Tax,77.0,March,2023/24,Tax
2024-04-01,Insurance Premium Tax,615.0,April,2024/25,Tax
2024-05-01,Insurance Premium Tax,1431.0,May,2024/25,Tax
2024-06-01,Insurance Premium Tax,69.0,June,2024/25,Tax
2024-07-01,Insurance Premium Tax,957.0,July,2024/25,Tax
2024-08-01,Insurance Premium Tax,1352.0,August,2024/25,Tax
2024-09-01,Insurance Premium Tax,73.0,September,2024/25,Tax
2024-10-01,Insurance Premium Tax,956.0,October,2024/25,Tax
2024-11-01,Insurance Premium Tax,1201.0,November,2024/25,Tax
2024-12-01,Insurance Premium Tax,53.0,December,2024/25,Tax
2025-01-01,Insurance Premium Tax,853.0,January,2024/25,Tax
2025-02-01,Insurance Premium Tax,1259.0,February,2024/25,Tax
2025-03-01,Insurance Premium Tax,61.0,March,2024/25,Tax
2025-04-01,Insurance Premium Tax,648.0,April,2025/26,Tax
2025-05-01,Insurance Premium Tax,1481.0,May,2025/26,Tax
2025-06-01,Insurance Premium Tax,41.0,June,2025/26,Tax
2025-07-01,Insurance Premium Tax,1025.0,July,2025/26,Tax
2025-08-01,Insurance Premium Tax,1301.0,August,2025/26,Tax
2025-09-01,Insurance Premium Tax,40.0,September,2025/26,Tax
2025-10-01,Insurance Premium Tax,985.0,October,2025/26,Tax
2025-11-01,Insurance Premium Tax,1258.0,November,2025/26,Tax
2025-12-01,Insurance Premium Tax,43.0,December,2025/26,Tax
2026-01-01,Insurance Premium Tax,872.0,January,2025/26,Tax
2026-02-01,Insurance Premium Tax,1255.0,February,2025/26,Tax
2026-03-01,Insurance Premium Tax,88.0,March,2025/26,Tax
2026-04-01,Insurance Premium Tax,499.0,April,2026/27,Tax
2026-05-01,Insurance Premium Tax,1621.0,May,2026/27,Tax
2026-06-01,Insurance Premium Tax,52.0,June,2026/27,Tax
2026-07-01,Insurance Premium Tax,789.0,July,2026/27,Tax
2026-08-01,Insurance Premium Tax,1524.0,August,2026/27,Tax
2017-04-01,Landfill Tax,73.0,April,2017/18,Tax
2017-05-01,Landfill Tax,58.0,May,2017/18,Tax
2017-06-01,Landfill Tax,37.0,June,2017/18,Tax
2017-07-01,Landfill Tax,94.0,July,2017/18,Tax
2017-08-01,Landfill Tax,68.0,August,2017/18,Tax
2017-09-01,Landfill Tax,60.0,September,2017/18,Tax
2017-10-01,Landfill Tax,77.0,October,2017/18,Tax
2017-11-01,Landfill Tax,75.0,November,2017/18,Tax
2017-12-01,Landfill Tax,41.0,December,2017/18,Tax
2018-01-01,Landfill Tax,73.0,January,2017/18,Tax
2018-02-01,Landfill Tax,57.0,February,2017/18,Tax
2018-03-01,Landfill Tax,45.0,March,2017/18,Tax
2018-04-01,Landfill Tax,41.0,April,2018/19,Tax
2018-05-01,Landfill Tax,81.0,May,2018/19,Tax
2018-06-01,Landfill Tax,34.0,June,2018/19,Tax
2018-07-01,Landfill Tax,73.0,July,2018/19,Tax
2018-08-01,Landfill Tax,68.0,August,2018/19,Tax
2018-09-01,Landfill Tax,52.0,September,2018/19,Tax
2018-10-01,Landfill Tax,20.0,October,2018/19,Tax
2018-11-01,Landfill Tax,113.0,November,2018/19,Tax
2018-12-01,Landfill Tax,49.0,December,2018/19,Tax
2019-01-01,Landfill Tax,48.0,January,2018/19,Tax
2019-02-01,Landfill Tax,69.0,February,2018/19,Tax
2019-03-01,Landfill Tax,35.0,March,2018/19,Tax
2019-04-01,Landfill Tax,35.0,April,2019/20,Tax
2019-05-01,Landfill Tax,71.0,May,2019/20,Tax
2019-06-01,Landfill Tax,38.0,June,2019/20,Tax
2019-07-01,Landfill Tax,87.0,July,2019/20,Tax
2019-08-01,Landfill Tax,38.0,August,2019/20,Tax
2019-09-01,Landfill Tax,45.0,September,2019/20,Tax
2019-10-01,Landfill Tax,71.0,October,2019/20,Tax
2019-11-01,Landfill Tax,56.0,November,2019/20,Tax
2019-12-01,Landfill Tax,58.0,December,2019/20,Tax
2020-01-01,Landfill Tax,56.0,January,2019/20,Tax
2020-02-01,Landfill Tax,51.0,February,2019/20,Tax
2020-03-01,Landfill Tax,34.0,March,2019/20,Tax
2020-04-01,Landfill Tax,38.0,April,2020/21,Tax
2020-05-01,Landfill Tax,53.0,May,2020/21,Tax
2020-06-01,Landfill Tax,9.0,June,2020/21,Tax
2020-07-01,Landfill Tax,60.0,July,2020/21,Tax
2020-08-01,Landfill Tax,64.0,August,2020/21,Tax
2020-09-01,Landfill Tax,17.0,September,2020/21,Tax
2020-10-01,Landfill Tax,66.0,October,2020/21,Tax
2020-11-01,Landfill Tax,85.0,November,2020/21,Tax
2020-12-01,Landfill Tax,23.0,December,2020/21,Tax
2021-01-01,Landfill Tax,67.0,January,2020/21,Tax
2021-02-01,Landfill Tax,70.0,February,2020/21,Tax
2021-03-01,Landfill Tax,15.0,March,2020/21,Tax
2021-04-01,Landfill Tax,48.0,April,2021/22,Tax
2021-05-01,Landfill Tax,69.0,May,2021/22,Tax
2021-06-01,Landfill Tax,17.0,June,2021/22,Tax
2021-07-01,Landfill Tax,47.0,July,2021/22,Tax
2021-08-01,Landfill Tax,90.0,August,2021/22,Tax
2021-09-01,Landfill Tax,19.0,September,2021/22,Tax
2021-10-01,Landfill Tax,19.0,October,2021/22,Tax
2021-11-01,Landfill Tax,125.0,November,2021/22,Tax
2021-12-01,Landfill Tax,19.0,December,2021/22,Tax
2022-01-01,Landfill Tax,53.0,January,2021/22,Tax
2022-02-01,Landfill Tax,86.0,February,2021/22,Tax
2022-03-01,Landfill Tax,75.0,March,2021/22,Tax
2022-04-01,Landfill Tax,36.0,April,2022/23,Tax
2022-05-01,Landfill Tax,103.0,May,2022/23,Tax
2022-06-01,Landfill Tax,11.0,June,2022/23,Tax
2022-07-01,Landfill Tax,74.0,July,2022/23,Tax
2022-08-01,Landfill Tax,57.0,August,2022/23,Tax
2022-09-01,Landfill Tax,38.0,September,2022/23,Tax
2022-10-01,Landfill Tax,78.0,October,2022/23,Tax
2022-11-01,Landfill Tax,73.0,November,2022/23,Tax
2022-12-01,Landfill Tax,15.0,December,2022/23,Tax
2023-01-01,Landfill Tax,68.0,January,2022/23,Tax
2023-02-01,Landfill Tax,52.0,February,2022/23,Tax
2023-03-01,Landfill Tax,22.0,March,2022/23,Tax
2023-04-01,Landfill Tax,70.0,April,2023/24,Tax
2023-05-01,Landfill Tax,31.0,May,2023/24,Tax
2023-06-01,Landfill Tax,17.0,June,2023/24,Tax
2023-07-01,Landfill Tax,77.0,July,2023/24,Tax
2023-08-01,Landfill Tax,34.0,August,2023/24,Tax
2023-09-01,Landfill Tax,21.0,September,2023/24,Tax
2023-10-01,Landfill Tax,86.0,October,2023/24,Tax
2023-11-01,Landfill Tax,39.0,November,2023/24,Tax
2023-12-01,Landfill Tax,12.0,December,2023/24,Tax
2024-01-01,Landfill Tax,46.0,January,2023/24,Tax
2024-02-01,Landfill Tax,37.0,February,2023/24,Tax
2024-03-01,Landfill Tax,19.0,March,2023/24,Tax
2024-04-01,Landfill Tax,49.0,April,2024/25,Tax
2024-05-01,Landfill Tax,27.0,May,2024/25,Tax
2024-06-01,Landfill Tax,22.0,June,2024/25,Tax
2024-07-01,Landfill Tax,75.0,July,2024/25,Tax
2024-08-01,Landfill Tax,56.0,August,2024/25,Tax
2024-09-01,Landfill Tax,13.0,September,2024/25,Tax
2024-10-01,Landfill Tax,87.0,October,2024/25,Tax
2024-11-01,Landfill Tax,44.0,November,2024/25,Tax
2024-12-01,Landfill Tax,15.0,December,2024/25,Tax
2025-01-01,Landfill Tax,50.0,January,2024/25,Tax
2025-02-01,Landfill Tax,35.0,February,2024/25,Tax
2025-03-01,Landfill Tax,15.0,March,2024/25,Tax
2025-04-01,Landfill Tax,65.0,April,2025/26,Tax
2025-05-01,Landfill Tax,26.0,May,2025/26,Tax
2025-06-01,Landfill Tax,16.0,June,2025/26,Tax
2025-07-01,Landfill Tax,73.0,July,2025/26,Tax
2025-08-01,Landfill Tax,68.0,August,2025/26,Tax
2025-09-01,Landfill Tax,22.0,September,2025/26,Tax
2025-10-01,Landfill Tax,91.0,October,2025/26,Tax
2025-11-01,Landfill Tax,58.0,November,2025/26,Tax
2025-12-01,Landfill Tax,14.0,December,2025/26,Tax
2026-01-01,Landfill Tax,142.0,January,2025/26,Tax
2026-02-01,Landfill Tax,23.0,February,2025/26,Tax
2026-03-01,Landfill Tax,25.0,March,2025/26,Tax
2026-04-01,Landfill Tax,35.0,April,2026/27,Tax
2026-05-01,Landfill Tax,38.0,May,2026/27,Tax
2026-06-01,Landfill Tax,5.0,June,2026/27,Tax
2026-07-01,Landfill Tax,52.0,July,2026/27,Tax
2026-08-01,Landfill Tax,65.0,August,2026/27,Tax
2017-04-01,Climate Change Levy,288.0,April,2017/18,Tax
2017-05-01,Climate Change Levy,241.0,May,2017/18,Tax
2017-06-01,Climate Change Levy,5.0,June,2017/18,Tax
2017-07-01,Climate Change Levy,240.0,July,2017/18,Tax
2017-08-01,Climate Change Levy,181.0,August,2017/18,Tax
2017-09-01,Climate Change Levy,4.0,September,2017/18,Tax
2017-10-01,Climate Change Levy,189.0,October,2017/18,Tax
2017-11-01,Climate Change Levy,194.0,November,2017/18,Tax
2017-12-01,Climate Change Levy,19.0,December,2017/18,Tax
2018-01-01,Climate Change Levy,245.0,January,2017/18,Tax
2018-02-01,Climate Change Levy,235.0,February,2017/18,Tax
2018-03-01,Climate Change Levy,22.0,March,2017/18,Tax
2018-04-01,Climate Change Levy,258.0,April,2018/19,Tax
2018-05-01,Climate Change Levy,278.0,May,2018/19,Tax
2018-06-01,Climate Change Levy,5.0,June,2018/19,Tax
2018-07-01,Climate Change Levy,237.0,July,2018/19,Tax
2018-08-01,Climate Change Levy,203.0,August,2018/19,Tax
2018-09-01,Climate Change Levy,14.0,September,2018/19,Tax
2018-10-01,Climate Change Levy,236.0,October,2018/19,Tax
2018-11-01,Climate Change Levy,152.0,November,2018/19,Tax
2018-12-01,Climate Change Levy,15.0,December,2018/19,Tax
2019-01-01,Climate Change Levy,271.0,January,2018/19,Tax
2019-02-01,Climate Change Levy,197.0,February,2018/19,Tax
2019-03-01,Climate Change Levy,59.0,March,2018/19,Tax
2019-04-01,Climate Change Levy,299.0,April,2019/20,Tax
2019-05-01,Climate Change Levy,201.0,May,2019/20,Tax
2019-06-01,Climate Change Levy,28.0,June,2019/20,Tax
2019-07-01,Climate Change Levy,276.0,July,2019/20,Tax
2019-08-01,Climate Change Levy,192.0,August,2019/20,Tax
2019-09-01,Climate Change Levy,15.0,September,2019/20,Tax
2019-10-01,Climate Change Levy,272.0,October,2019/20,Tax
2019-11-01,Climate Change Levy,152.0,November,2019/20,Tax
2019-12-01,Climate Change Levy,37.0,December,2019/20,Tax
2020-01-01,Climate Change Levy,295.0,January,2019/20,Tax
2020-02-01,Climate Change Levy,193.0,February,2019/20,Tax
2020-03-01,Climate Change Levy,44.0,March,2019/20,Tax
2020-04-01,Climate Change Levy,271.0,April,2020/21,Tax
2020-05-01,Climate Change Levy,214.0,May,2020/21,Tax
2020-06-01,Climate Change Levy,40.0,June,2020/21,Tax
2020-07-01,Climate Change Levy,201.0,July,2020/21,Tax
2020-08-01,Climate Change Levy,150.0,August,2020/21,Tax
2020-09-01,Climate Change Levy,35.0,September,2020/21,Tax
2020-10-01,Climate Change Levy,194.0,October,2020/21,Tax
2020-11-01,Climate Change Levy,172.0,November,2020/21,Tax
2020-12-01,Climate Change Levy,36.0,December,2020/21,Tax
2021-01-01,Climate Change Levy,266.0,January,2020/21,Tax
2021-02-01,Climate Change Levy,163.0,February,2020/21,Tax
2021-03-01,Climate Change Levy,36.0,March,2020/21,Tax
2021-04-01,Climate Change Levy,245.0,April,2021/22,Tax
2021-05-01,Climate Change Levy,254.0,May,2021/22,Tax
2021-06-01,Climate Change Levy,37.0,June,2021/22,Tax
2021-07-01,Climate Change Levy,208.0,July,2021/22,Tax
2021-08-01,Climate Change Levy,225.0,August,2021/22,Tax
2021-09-01,Climate Change Levy,20.0,September,2021/22,Tax
2021-10-01,Climate Change Levy,175.0,October,2021/22,Tax
2021-11-01,Climate Change Levy,219.0,November,2021/22,Tax
2021-12-01,Climate Change Levy,17.0,December,2021/22,Tax
2022-01-01,Climate Change Levy,236.0,January,2021/22,Tax
2022-02-01,Climate Change Levy,268.0,February,2021/22,Tax
2022-03-01,Climate Change Levy,25.0,March,2021/22,Tax
2022-04-01,Climate Change Levy,247.0,April,2022/23,Tax
2022-05-01,Climate Change Levy,288.0,May,2022/23,Tax
2022-06-01,Climate Change Levy,22.0,June,2022/23,Tax
2022-07-01,Climate Change Levy,218.0,July,2022/23,Tax
2022-08-01,Climate Change Levy,286.0,August,2022/23,Tax
2022-09-01,Climate Change Levy,23.0,September,2022/23,Tax
2022-10-01,Climate Change Levy,212.0,October,2022/23,Tax
2022-11-01,Climate Change Levy,253.0,November,2022/23,Tax
2022-12-01,Climate Change Levy,19.0,December,2022/23,Tax
2023-01-01,Climate Change Levy,226.0,January,2022/23,Tax
2023-02-01,Climate Change Levy,281.0,February,2022/23,Tax
2023-03-01,Climate Change Levy,22.0,March,2022/23,Tax
2023-04-01,Climate Change Levy,231.0,April,2023/24,Tax
2023-05-01,Climate Change Levy,290.0,May,2023/24,Tax
2023-06-01,Climate Change Levy,5.0,June,2023/24,Tax
2023-07-01,Climate Change Levy,248.0,July,2023/24,Tax
2023-08-01,Climate Change Levy,194.0,August,2023/24,Tax
2023-09-01,Climate Change Levy,22.0,September,2023/24,Tax
2023-10-01,Climate Change Levy,248.0,October,2023/24,Tax
2023-11-01,Climate Change Levy,117.0,November,2023/24,Tax
2023-12-01,Climate Change Levy,21.0,December,2023/24,Tax
2024-01-01,Climate Change Levy,238.0,January,2023/24,Tax
2024-02-01,Climate Change Levy,193.0,February,2023/24,Tax
2024-03-01,Climate Change Levy,19.0,March,2023/24,Tax
2024-04-01,Climate Change Levy,289.0,April,2024/25,Tax
2024-05-01,Climate Change Levy,240.0,May,2024/25,Tax
2024-06-01,Climate Change Levy,26.0,June,2024/25,Tax
2024-07-01,Climate Change Levy,227.0,July,2024/25,Tax
2024-08-01,Climate Change Levy,135.0,August,2024/25,Tax
2024-09-01,Climate Change Levy,24.0,September,2024/25,Tax
2024-10-01,Climate Change Levy,167.0,October,2024/25,Tax
2024-11-01,Climate Change Levy,159.0,November,2024/25,Tax
2024-12-01,Climate Change Levy,21.0,December,2024/25,Tax
2025-01-01,Climate Change Levy,299.0,January,2024/25,Tax
2025-02-01,Climate Change Levy,169.0,February,2024/25,Tax
2025-03-01,Climate Change Levy,35.0,March,2024/25,Tax
2025-04-01,Climate Change Levy,399.0,April,2025/26,Tax
2025-05-01,Climate Change Levy,176.0,May,2025/26,Tax
2025-06-01,Climate Change Levy,30.0,June,2025/26,Tax
2025-07-01,Climate Change Levy,233.0,July,2025/26,Tax
2025-08-01,Climate Change Levy,126.0,August,2025/26,Tax
2025-09-01,Climate Change Levy,25.0,September,2025/26,Tax
2025-10-01,Climate Change Levy,174.0,October,2025/26,Tax
2025-11-01,Climate Change Levy,140.0,November,2025/26,Tax
2025-12-01,Climate Change Levy,17.0,December,2025/26,Tax
2026-01-01,Climate Change Levy,250.0,January,2025/26,Tax
2026-02-01,Climate Change Levy,195.0,February,2025/26,Tax
2026-03-01,Climate Change Levy,26.0,March,2025/26,Tax
2026-04-01,Climate Change Levy,338.0,April,2026/27,Tax
2026-05-01,Climate Change Levy,186.0,May,2026/27,Tax
2026-06-01,Climate Change Levy,30.0,June,2026/27,Tax
2026-07-01,Climate Change Levy,245.0,July,2026/27,Tax
2026-08-01,Climate Change Levy,131.0,August,2026/27,Tax
2017-04-01,Aggregates Levy,27.0,April,2017/18,Tax
2017-05-01,Aggregates Levy,44.0,May,2017/18,Tax
2017-06-01,Aggregates Levy,18.0,June,2017/18,Tax
2017-07-01,Aggregates Levy,12.0,July,2017/18,Tax
2017-08-01,Aggregates Levy,47.0,August,2017/18,Tax
2017-09-01,Aggregates Levy,18.0,September,2017/18,Tax
2017-10-01,Aggregates Levy,65.0,October,2017/18,Tax
2017-11-01,Aggregates Levy,39.0,November,2017/18,Tax
2017-12-01,Aggregates Levy,17.0,December,2017/18,Tax
2018-01-01,Aggregates Levy,40.0,January,2017/18,Tax
2018-02-01,Aggregates Levy,36.0,February,2017/18,Tax
2018-03-01,Aggregates Levy,15.0,March,2017/18,Tax
2018-04-01,Aggregates Levy,31.0,April,2018/19,Tax
2018-05-01,Aggregates Levy,37.0,May,2018/19,Tax
2018-06-01,Aggregates Levy,16.0,June,2018/19,Tax
2018-07-01,Aggregates Levy,42.0,July,2018/19,Tax
2018-08-01,Aggregates Levy,42.0,August,2018/19,Tax
2018-09-01,Aggregates Levy,17.0,September,2018/19,Tax
2018-10-01,Aggregates Levy,39.0,October,2018/19,Tax
2018-11-01,Aggregates Levy,44.0,November,2018/19,Tax
2018-12-01,Aggregates Levy,18.0,December,2018/19,Tax
2019-01-01,Aggregates Levy,39.0,January,2018/19,Tax
2019-02-01,Aggregates Levy,29.0,February,2018/19,Tax
2019-03-01,Aggregates Levy,14.0,March,2018/19,Tax
2019-04-01,Aggregates Levy,37.0,April,2019/20,Tax
2019-05-01,Aggregates Levy,36.0,May,2019/20,Tax
2019-06-01,Aggregates Levy,17.0,June,2019/20,Tax
2019-07-01,Aggregates Levy,56.0,July,2019/20,Tax
2019-08-01,Aggregates Levy,35.0,August,2019/20,Tax
2019-09-01,Aggregates Levy,18.0,September,2019/20,Tax
2019-10-01,Aggregates Levy,41.0,October,2019/20,Tax
2019-11-01,Aggregates Levy,41.0,November,2019/20,Tax
2019-12-01,Aggregates Levy,17.0,December,2019/20,Tax
2020-01-01,Aggregates Levy,45.0,January,2019/20,Tax
2020-02-01,Aggregates Levy,40.0,February,2019/20,Tax
2020-03-01,Aggregates Levy,15.0,March,2019/20,Tax
2020-04-01,Aggregates Levy,33.0,April,2020/21,Tax
2020-05-01,Aggregates Levy,10.0,May,2020/21,Tax
2020-06-01,Aggregates Levy,15.0,June,2020/21,Tax
2020-07-01,Aggregates Levy,40.0,July,2020/21,Tax
2020-08-01,Aggregates Levy,14.0,August,2020/21,Tax
2020-09-01,Aggregates Levy,17.0,September,2020/21,Tax
2020-10-01,Aggregates Levy,50.0,October,2020/21,Tax
2020-11-01,Aggregates Levy,52.0,November,2020/21,Tax
2020-12-01,Aggregates Levy,24.0,December,2020/21,Tax
2021-01-01,Aggregates Levy,48.0,January,2020/21,Tax
2021-02-01,Aggregates Levy,39.0,February,2020/21,Tax
2021-03-01,Aggregates Levy,16.0,March,2020/21,Tax
2021-04-01,Aggregates Levy,36.0,April,2021/22,Tax
2021-05-01,Aggregates Levy,42.0,May,2021/22,Tax
2021-06-01,Aggregates Levy,20.0,June,2021/22,Tax
2021-07-01,Aggregates Levy,48.0,July,2021/22,Tax
2021-08-01,Aggregates Levy,42.0,August,2021/22,Tax
2021-09-01,Aggregates Levy,20.0,September,2021/22,Tax
2021-10-01,Aggregates Levy,41.0,October,2021/22,Tax
2021-11-01,Aggregates Levy,44.0,November,2021/22,Tax
2021-12-01,Aggregates Levy,41.0,December,2021/22,Tax
2022-01-01,Aggregates Levy,15.0,January,2021/22,Tax
2022-02-01,Aggregates Levy,44.0,February,2021/22,Tax
2022-03-01,Aggregates Levy,17.0,March,2021/22,Tax
2022-04-01,Aggregates Levy,33.0,April,2022/23,Tax
2022-05-01,Aggregates Levy,42.0,May,2022/23,Tax
2022-06-01,Aggregates Levy,19.0,June,2022/23,Tax
2022-07-01,Aggregates Levy,41.0,July,2022/23,Tax
2022-08-01,Aggregates Levy,39.0,August,2022/23,Tax
2022-09-01,Aggregates Levy,20.0,September,2022/23,Tax
2022-10-01,Aggregates Levy,31.0,October,2022/23,Tax
2022-11-01,Aggregates Levy,46.0,November,2022/23,Tax
2022-12-01,Aggregates Levy,19.0,December,2022/23,Tax
2023-01-01,Aggregates Levy,36.0,January,2022/23,Tax
2023-02-01,Aggregates Levy,35.0,February,2022/23,Tax
2023-03-01,Aggregates Levy,18.0,March,2022/23,Tax
2023-04-01,Aggregates Levy,41.0,April,2023/24,Tax
2023-05-01,Aggregates Levy,29.0,May,2023/24,Tax
2023-06-01,Aggregates Levy,14.0,June,2023/24,Tax
2023-07-01,Aggregates Levy,46.0,July,2023/24,Tax
2023-08-01,Aggregates Levy,30.0,August,2023/24,Tax
2023-09-01,Aggregates Levy,18.0,September,2023/24,Tax
2023-10-01,Aggregates Levy,48.0,October,2023/24,Tax
2023-11-01,Aggregates Levy,27.0,November,2023/24,Tax
2023-12-01,Aggregates Levy,17.0,December,2023/24,Tax
2024-01-01,Aggregates Levy,34.0,January,2023/24,Tax
2024-02-01,Aggregates Levy,33.0,February,2023/24,Tax
2024-03-01,Aggregates Levy,14.0,March,2023/24,Tax
2024-04-01,Aggregates Levy,39.0,April,2024/25,Tax
2024-05-01,Aggregates Levy,25.0,May,2024/25,Tax
2024-06-01,Aggregates Levy,19.0,June,2024/25,Tax
2024-07-01,Aggregates Levy,48.0,July,2024/25,Tax
2024-08-01,Aggregates Levy,30.0,August,2024/25,Tax
2024-09-01,Aggregates Levy,19.0,September,2024/25,Tax
2024-10-01,Aggregates Levy,46.0,October,2024/25,Tax
2024-11-01,Aggregates Levy,29.0,November,2024/25,Tax
2024-12-01,Aggregates Levy,19.0,December,2024/25,Tax
2025-01-01,Aggregates Levy,45.0,January,2024/25,Tax
2025-02-01,Aggregates Levy,25.0,February,2024/25,Tax
2025-03-01,Aggregates Levy,16.0,March,2024/25,Tax
2025-04-01,Aggregates Levy,33.0,April,2025/26,Tax
2025-05-01,Aggregates Levy,34.0,May,2025/26,Tax
2025-06-01,Aggregates Levy,20.0,June,2025/26,Tax
2025-07-01,Aggregates Levy,48.0,July,2025/26,Tax
2025-08-01,Aggregates Levy,32.0,August,2025/26,Tax
2025-09-01,Aggregates Levy,20.0,September,2025/26,Tax
2025-10-01,Aggregates Levy,47.0,October,2025/26,Tax
2025-11-01,Aggregates Levy,29.0,November,2025/26,Tax
2025-12-01,Aggregates Levy,20.0,December,2025/26,Tax
2026-01-01,Aggregates Levy,36.0,January,2025/26,Tax
2026-02-01,Aggregates Levy,35.0,February,2025/26,Tax
2026-03-01,Aggregates Levy,15.0,March,2025/26,Tax
2026-04-01,Aggregates Levy,31.0,April,2026/27,Tax
2026-05-01,Aggregates Levy,40.0,May,2026/27,Tax
2026-06-01,Aggregates Levy,18.0,June,2026/27,Tax
2026-07-01,Aggregates Levy,44.0,July,2026/27,Tax
2026-08-01,Aggregates Levy,26.0,August,2026/27,Tax
2018-07-01,Soft Drinks Industry Levy,61.0,July,2018/19,Tax
2018-08-01,Soft Drinks Industry Levy,1.0,August,2018/19,Tax
2018-09-01,Soft Drinks Industry Levy,0.0,September,2018/19,Tax
2018-10-01,Soft Drinks Industry Levy,92.0,October,2018/19,Tax
2018-11-01,Soft Drinks Industry Levy,1.0,November,2018/19,Tax
2018-12-01,Soft Drinks Industry Levy,0.0,December,2018/19,Tax
2019-01-01,Soft Drinks Industry Levy,84.0,January,2018/19,Tax
2019-02-01,Soft Drinks Industry Levy,1.0,February,2018/19,Tax
2019-03-01,Soft Drinks Industry Levy,0.0,March,2018/19,Tax
2019-04-01,Soft Drinks Industry Levy,77.0,April,2019/20,Tax
2019-05-01,Soft Drinks Industry Levy,1.0,May,2019/20,Tax
2019-06-01,Soft Drinks Industry Levy,0.0,June,2019/20,Tax
2019-07-01,Soft Drinks Industry Levy,84.0,July,2019/20,Tax
2019-08-01,Soft Drinks Industry Levy,1.0,August,2019/20,Tax
2019-09-01,Soft Drinks Industry Levy,0.0,September,2019/20,Tax
2019-10-01,Soft Drinks Industry Levy,88.0,October,2019/20,Tax
2019-11-01,Soft Drinks Industry Levy,1.0,November,2019/20,Tax
2019-12-01,Soft Drinks Industry Levy,1.0,December,2019/20,Tax
2020-01-01,Soft Drinks Industry Levy,83.0,January,2019/20,Tax
2020-02-01,Soft Drinks Industry Levy,1.0,February,2019/20,Tax
2020-03-01,Soft Drinks Industry Levy,1.0,March,2019/20,Tax
2020-04-01,Soft Drinks Industry Levy,30.0,April,2020/21,Tax
2020-05-01,Soft Drinks Industry Levy,0.0,May,2020/21,Tax
2020-06-01,Soft Drinks Industry Levy,45.0,June,2020/21,Tax
2020-07-01,Soft Drinks Industry Levy,66.0,July,2020/21,Tax
2020-08-01,Soft Drinks Industry Levy,1.0,August,2020/21,Tax
2020-09-01,Soft Drinks Industry Levy,0.0,September,2020/21,Tax
2020-10-01,Soft Drinks Industry Levy,82.0,October,2020/21,Tax
2020-11-01,Soft Drinks Industry Levy,1.0,November,2020/21,Tax
2020-12-01,Soft Drinks Industry Levy,0.0,December,2020/21,Tax
2021-01-01,Soft Drinks Industry Levy,72.0,January,2020/21,Tax
2021-02-01,Soft Drinks Industry Levy,1.0,February,2020/21,Tax
2021-03-01,Soft Drinks Industry Levy,0.0,March,2020/21,Tax
2021-04-01,Soft Drinks Industry Levy,66.0,April,2021/22,Tax
2021-05-01,Soft Drinks Industry Levy,1.0,May,2021/22,Tax
2021-06-01,Soft Drinks Industry Levy,0.0,June,2021/22,Tax
2021-07-01,Soft Drinks Industry Levy,86.0,July,2021/22,Tax
2021-08-01,Soft Drinks Industry Levy,0.0,August,2021/22,Tax
2021-09-01,Soft Drinks Industry Levy,0.0,September,2021/22,Tax
2021-10-01,Soft Drinks Industry Levy,91.0,October,2021/22,Tax
2021-11-01,Soft Drinks Industry Levy,0.0,November,2021/22,Tax
2021-12-01,Soft Drinks Industry Levy,0.0,December,2021/22,Tax
2022-01-01,Soft Drinks Industry Levy,88.0,January,2021/22,Tax
2022-02-01,Soft Drinks Industry Levy,1.0,February,2021/22,Tax
2022-03-01,Soft Drinks Industry Levy,0.0,March,2021/22,Tax
2022-04-01,Soft Drinks Industry Levy,80.0,April,2022/23,Tax
2022-05-01,Soft Drinks Industry Levy,0.0,May,2022/23,Tax
2022-06-01,Soft Drinks Industry Levy,0.0,June,2022/23,Tax
2022-07-01,Soft Drinks Industry Levy,92.0,July,2022/23,Tax
2022-08-01,Soft Drinks Industry Levy,1.0,August,2022/23,Tax
2022-09-01,Soft Drinks Industry Levy,0.0,September,2022/23,Tax
2022-10-01,Soft Drinks Industry Levy,94.0,October,2022/23,Tax
2022-11-01,Soft Drinks Industry Levy,1.0,November,2022/23,Tax
2022-12-01,Soft Drinks Industry Levy,0.0,December,2022/23,Tax
2023-01-01,Soft Drinks Industry Levy,85.0,January,2022/23,Tax
2023-02-01,Soft Drinks Industry Levy,0.0,February,2022/23,Tax
2023-03-01,Soft Drinks Industry Levy,1.0,March,2022/23,Tax
2023-04-01,Soft Drinks Industry Levy,83.0,April,2023/24,Tax
2023-05-01,Soft Drinks Industry Levy,-1.0,May,2023/24,Tax
2023-06-01,Soft Drinks Industry Levy,0.0,June,2023/24,Tax
2023-07-01,Soft Drinks Industry Levy,88.0,July,2023/24,Tax
2023-08-01,Soft Drinks Industry Levy,1.0,August,2023/24,Tax
2023-09-01,Soft Drinks Industry Levy,0.0,September,2023/24,Tax
2023-10-01,Soft Drinks Industry Levy,86.0,October,2023/24,Tax
2023-11-01,Soft Drinks Industry Levy,0.0,November,2023/24,Tax
2023-12-01,Soft Drinks Industry Levy,0.0,December,2023/24,Tax
2024-01-01,Soft Drinks Industry Levy,76.0,January,2023/24,Tax
2024-02-01,Soft Drinks Industry Levy,2.0,February,2023/24,Tax
2024-03-01,Soft Drinks Industry Levy,1.0,March,2023/24,Tax
2024-04-01,Soft Drinks Industry Levy,77.0,April,2024/25,Tax
2024-05-01,Soft Drinks Industry Levy,0.0,May,2024/25,Tax
2024-06-01,Soft Drinks Industry Levy,0.0,June,2024/25,Tax
2024-07-01,Soft Drinks Industry Levy,84.0,July,2024/25,Tax
2024-08-01,Soft Drinks Industry Levy,0.0,August,2024/25,Tax
2024-09-01,Soft Drinks Industry Levy,0.0,September,2024/25,Tax
2024-10-01,Soft Drinks Industry Levy,82.0,October,2024/25,Tax
2024-11-01,Soft Drinks Industry Levy,0.0,November,2024/25,Tax
2024-12-01,Soft Drinks Industry Levy,0.0,December,2024/25,Tax
2025-01-01,Soft Drinks Industry Levy,80.0,January,2024/25,Tax
2025-02-01,Soft Drinks Industry Levy,1.0,February,2024/25,Tax
2025-03-01,Soft Drinks Industry Levy,0.0,March,2024/25,Tax
2025-04-01,Soft Drinks Industry Levy,80.0,April,2025/26,Tax
2025-05-01,Soft Drinks Industry Levy,1.0,May,2025/26,Tax
2025-06-01,Soft Drinks Industry Levy,0.0,June,2025/26,Tax
2025-07-01,Soft Drinks Industry Levy,86.0,July,2025/26,Tax
2025-08-01,Soft Drinks Industry Levy,0.0,August,2025/26,Tax
2025-09-01,Soft Drinks Industry Levy,0.0,September,2025/26,Tax
2025-10-01,Soft Drinks Industry Levy,93.0,October,2025/26,Tax
2025-11-01,Soft Drinks Industry Levy,0.0,November,2025/26,Tax
2025-12-01,Soft Drinks Industry Levy,3.0,December,2025/26,Tax
2026-01-01,Soft Drinks Industry Levy,86.0,January,2025/26,Tax
2026-02-01,Soft Drinks Industry Levy,0.0,February,2025/26,Tax
2026-03-01,Soft Drinks Industry Levy,5.0,March,2025/26,Tax
2026-04-01,Soft Drinks Industry Levy,86.0,April,2026/27,Tax
2026-05-01,Soft Drinks Industry Levy,1.0,May,2026/27,Tax
2026-06-01,Soft Drinks Industry Levy,0.0,June,2026/27,Tax
2026-07-01,Soft Drinks Industry Levy,97.0,July,2026/27,Tax
2026-08-01,Soft Drinks Industry Levy,0.0,August,2026/27,Tax
2022-07-01,Plastic Packaging Tax,58.0,July,2022/23,Tax
2022-08-01,Plastic Packaging Tax,9.0,August,2022/23,Tax
2022-09-01,Plastic Packaging Tax,2.0,September,2022/23,Tax
2022-10-01,Plastic Packaging Tax,59.0,October,2022/23,Tax
2022-11-01,Plastic Packaging Tax,6.0,November,2022/23,Tax
2022-12-01,Plastic Packaging Tax,2.0,December,2022/23,Tax
2023-01-01,Plastic Packaging Tax,53.0,January,2022/23,Tax
2023-02-01,Plastic Packaging Tax,9.0,February,2022/23,Tax
2023-03-01,Plastic Packaging Tax,2.0,March,2022/23,Tax
2023-04-01,Plastic Packaging Tax,54.0,April,2023/24,Tax
2023-05-01,Plastic Packaging Tax,8.0,May,2023/24,Tax
2023-06-01,Plastic Packaging Tax,5.0,June,2023/24,Tax
2023-07-01,Plastic Packaging Tax,59.0,July,2023/24,Tax
2023-08-01,Plastic Packaging Tax,6.0,August,2023/24,Tax
2023-09-01,Plastic Packaging Tax,1.0,September,2023/24,Tax
2023-10-01,Plastic Packaging Tax,59.0,October,2023/24,Tax
2023-11-01,Plastic Packaging Tax,6.0,November,2023/24,Tax
2023-12-01,Plastic Packaging Tax,3.0,December,2023/24,Tax
2024-01-01,Plastic Packaging Tax,62.0,January,2023/24,Tax
2024-02-01,Plastic Packaging Tax,6.0,February,2023/24,Tax
2024-03-01,Plastic Packaging Tax,2.0,March,2023/24,Tax
2024-04-01,Plastic Packaging Tax,55.0,April,2024/25,Tax
2024-05-01,Plastic Packaging Tax,6.0,May,2024/25,Tax
2024-06-01,Plastic Packaging Tax,0.0,June,2024/25,Tax
2024-07-01,Plastic Packaging Tax,60.0,July,2024/25,Tax
2024-08-01,Plastic Packaging Tax,4.0,August,2024/25,Tax
2024-09-01,Plastic Packaging Tax,0.0,September,2024/25,Tax
2024-10-01,Plastic Packaging Tax,59.0,October,2024/25,Tax
2024-11-01,Plastic Packaging Tax,5.0,November,2024/25,Tax
2024-12-01,Plastic Packaging Tax,1.0,December,2024/25,Tax
2025-01-01,Plastic Packaging Tax,58.0,January,2024/25,Tax
2025-02-01,Plastic Packaging Tax,4.0,February,2024/25,Tax
2025-03-01,Plastic Packaging Tax,1.0,March,2024/25,Tax
2025-04-01,Plastic Packaging Tax,57.0,April,2025/26,Tax
2025-05-01,Plastic Packaging Tax,7.0,May,2025/26,Tax
2025-06-01,Plastic Packaging Tax,-1.0,June,2025/26,Tax
2025-07-01,Plastic Packaging Tax,61.0,July,2025/26,Tax
2025-08-01,Plastic Packaging Tax,5.0,August,2025/26,Tax
2025-09-01,Plastic Packaging Tax,1.0,September,2025/26,Tax
2025-10-01,Plastic Packaging Tax,59.0,October,2025/26,Tax
2025-11-01,Plastic Packaging Tax,3.0,November,2025/26,Tax
2025-12-01,Plastic Packaging Tax,4.0,December,2025/26,Tax
2026-01-01,Plastic Packaging Tax,55.0,January,2025/26,Tax
2026-02-01,Plastic Packaging Tax,3.0,February,2025/26,Tax
2026-03-01,Plastic Packaging Tax,2.0,March,2025/26,Tax
2026-04-01,Plastic Packaging Tax,56.0,April,2026/27,Tax
2026-05-01,Plastic Packaging Tax,3.0,May,2026/27,Tax
2026-06-01,Plastic Packaging Tax,10.0,June,2026/27,Tax
2026-07-01,Plastic Packaging Tax,60.0,July,2026/27,Tax
2026-08-01,Plastic Packaging Tax,4.0,August,2026/27,Tax
2018-03-01,Swiss Capital Tax,51.0,March,2017/18,Tax
2019-03-01,Swiss Capital Tax,-1.0,March,2018/19,Tax
2020-03-01,Swiss Capital Tax,0.0,March,2019/20,Tax
2021-03-01,Swiss Capital Tax,-1.0,March,2020/21,Tax
2022-03-01,Swiss Capital Tax,0.0,March,2021/22,Tax
2023-03-01,Swiss Capital Tax,0.0,March,2022/23,Tax
2024-03-01,Swiss Capital Tax,0.0,March,2023/24,Tax
2017-04-01,Customs Duties,283.0,April,2017/18,Tax
2017-05-01,Customs Duties,260.0,May,2017/18,Tax
2017-06-01,Customs Duties,284.0,June,2017/18,Tax
2017-07-01,Customs Duties,278.0,July,2017/18,Tax
2017-08-01,Customs Duties,300.0,August,2017/18,Tax
2017-09-01,Customs Duties,311.0,September,2017/18,Tax
2017-10-01,Customs Duties,308.0,October,2017/18,Tax
2017-11-01,Customs Duties,301.0,November,2017/18,Tax
2017-12-01,Customs Duties,281.0,December,2017/18,Tax
2018-01-01,Customs Duties,254.0,January,2017/18,Tax
2018-02-01,Customs Duties,272.0,February,2017/18,Tax
2018-03-01,Customs Duties,281.0,March,2017/18,Tax
2018-04-01,Customs Duties,258.0,April,2018/19,Tax
2018-05-01,Customs Duties,235.0,May,2018/19,Tax
2018-06-01,Customs Duties,253.0,June,2018/19,Tax
2018-07-01,Customs Duties,256.0,July,2018/19,Tax
2018-08-01,Customs Duties,290.0,August,2018/19,Tax
2018-09-01,Customs Duties,303.0,September,2018/19,Tax
2018-10-01,Customs Duties,300.0,October,2018/19,Tax
2018-11-01,Customs Duties,339.0,November,2018/19,Tax
2018-12-01,Customs Duties,285.0,December,2018/19,Tax
2019-01-01,Customs Duties,263.0,January,2018/19,Tax
2019-02-01,Customs Duties,300.0,February,2018/19,Tax
2019-03-01,Customs Duties,273.0,March,2018/19,Tax
2019-04-01,Customs Duties,261.0,April,2019/20,Tax
2019-05-01,Customs Duties,258.0,May,2019/20,Tax
2019-06-01,Customs Duties,270.0,June,2019/20,Tax
2019-07-01,Customs Duties,266.0,July,2019/20,Tax
2019-08-01,Customs Duties,291.0,August,2019/20,Tax
2019-09-01,Customs Duties,301.0,September,2019/20,Tax
2019-10-01,Customs Duties,316.0,October,2019/20,Tax
2019-11-01,Customs Duties,309.0,November,2019/20,Tax
2019-12-01,Customs Duties,263.0,December,2019/20,Tax
2020-01-01,Customs Duties,238.0,January,2019/20,Tax
2020-02-01,Customs Duties,276.0,February,2019/20,Tax
2020-03-01,Customs Duties,239.0,March,2019/20,Tax
2020-04-01,Customs Duties,208.0,April,2020/21,Tax
2020-05-01,Customs Duties,194.0,May,2020/21,Tax
2020-06-01,Customs Duties,193.0,June,2020/21,Tax
2020-07-01,Customs Duties,209.0,July,2020/21,Tax
2020-08-01,Customs Duties,248.0,August,2020/21,Tax
2020-09-01,Customs Duties,253.0,September,2020/21,Tax
2020-10-01,Customs Duties,288.0,October,2020/21,Tax
2020-11-01,Customs Duties,285.0,November,2020/21,Tax
2020-12-01,Customs Duties,274.0,December,2020/21,Tax
2021-01-01,Customs Duties,229.0,January,2020/21,Tax
2021-02-01,Customs Duties,252.0,February,2020/21,Tax
2021-03-01,Customs Duties,329.0,March,2020/21,Tax
2021-04-01,Customs Duties,382.0,April,2021/22,Tax
2021-05-01,Customs Duties,332.0,May,2021/22,Tax
2021-06-01,Customs Duties,325.0,June,2021/22,Tax
2021-07-01,Customs Duties,377.0,July,2021/22,Tax
2021-08-01,Customs Duties,375.0,August,2021/22,Tax
2021-09-01,Customs Duties,406.0,September,2021/22,Tax
2021-10-01,Customs Duties,437.0,October,2021/22,Tax
2021-11-01,Customs Duties,428.0,November,2021/22,Tax
2021-12-01,Customs Duties,458.0,December,2021/22,Tax
2022-01-01,Customs Duties,414.0,January,2021/22,Tax
2022-02-01,Customs Duties,429.0,February,2021/22,Tax
2022-03-01,Customs Duties,429.0,March,2021/22,Tax
2022-04-01,Customs Duties,506.0,April,2022/23,Tax
2022-05-01,Customs Duties,412.0,May,2022/23,Tax
2022-06-01,Customs Duties,416.0,June,2022/23,Tax
2022-07-01,Customs Duties,448.0,July,2022/23,Tax
2022-08-01,Customs Duties,433.0,August,2022/23,Tax
2022-09-01,Customs Duties,472.0,September,2022/23,Tax
2022-10-01,Customs Duties,525.0,October,2022/23,Tax
2022-11-01,Customs Duties,503.0,November,2022/23,Tax
2022-12-01,Customs Duties,428.0,December,2022/23,Tax
2023-01-01,Customs Duties,489.0,January,2022/23,Tax
2023-02-01,Customs Duties,380.0,February,2022/23,Tax
2023-03-01,Customs Duties,514.0,March,2022/23,Tax
2023-04-01,Customs Duties,426.0,April,2023/24,Tax
2023-05-01,Customs Duties,383.0,May,2023/24,Tax
2023-06-01,Customs Duties,431.0,June,2023/24,Tax
2023-07-01,Customs Duties,394.0,July,2023/24,Tax
2023-08-01,Customs Duties,420.0,August,2023/24,Tax
2023-09-01,Customs Duties,455.0,September,2023/24,Tax
2023-10-01,Customs Duties,410.0,October,2023/24,Tax
2023-11-01,Customs Duties,480.0,November,2023/24,Tax
2023-12-01,Customs Duties,378.0,December,2023/24,Tax
2024-01-01,Customs Duties,371.0,January,2023/24,Tax
2024-02-01,Customs Duties,353.0,February,2023/24,Tax
2024-03-01,Customs Duties,304.0,March,2023/24,Tax
2024-04-01,Customs Duties,435.0,April,2024/25,Tax
2024-05-01,Customs Duties,357.0,May,2024/25,Tax
2024-06-01,Customs Duties,433.0,June,2024/25,Tax
2024-07-01,Customs Duties,383.0,July,2024/25,Tax
2024-08-01,Customs Duties,395.0,August,2024/25,Tax
2024-09-01,Customs Duties,424.0,September,2024/25,Tax
2024-10-01,Customs Duties,434.0,October,2024/25,Tax
2024-11-01,Customs Duties,468.0,November,2024/25,Tax
2024-12-01,Customs Duties,436.0,December,2024/25,Tax
2025-01-01,Customs Duties,393.0,January,2024/25,Tax
2025-02-01,Customs Duties,370.0,February,2024/25,Tax
2025-03-01,Customs Duties,368.0,March,2024/25,Tax
2025-04-01,Customs Duties,409.0,April,2025/26,Tax
2025-05-01,Customs Duties,375.0,May,2025/26,Tax
2025-06-01,Customs Duties,382.0,June,2025/26,Tax
2025-07-01,Customs Duties,409.0,July,2025/26,Tax
2025-08-01,Customs Duties,433.0,August,2025/26,Tax
2025-09-01,Customs Duties,464.0,September,2025/26,Tax
2025-10-01,Customs Duties,453.0,October,2025/26,Tax
2025-11-01,Customs Duties,429.0,November,2025/26,Tax
2025-12-01,Customs Duties,406.0,December,2025/26,Tax
2026-01-01,Customs Duties,367.0,January,2025/26,Tax
2026-02-01,Customs Duties,381.0,February,2025/26,Tax
2026-03-01,Customs Duties,463.0,March,2025/26,Tax
2026-04-01,Customs Duties,448.0,April,2026/27,Tax
2026-05-01,Customs Duties,370.0,May,2026/27,Tax
2026-06-01,Customs Duties,438.0,June,2026/27,Tax
2026-07-01,Customs Duties,425.0,July,2026/27,Tax
2026-08-01,Customs Duties,454.0,August,2026/27,Tax
2017-04-01,Penalties,59.0,April,2017/18,Tax
2017-05-01,Penalties,48.0,May,2017/18,Tax
2017-06-01,Penalties,76.0,June,2017/18,Tax
2017-07-01,Penalties,62.0,July,2017/18,Tax
2017-08-01,Penalties,60.0,August,2017/18,Tax
2017-09-01,Penalties,51.0,September,2017/18,Tax
2017-10-01,Penalties,68.0,October,2017/18,Tax
2017-11-01,Penalties,55.0,November,2017/18,Tax
2017-12-01,Penalties,51.0,December,2017/18,Tax
2018-01-01,Penalties,42.0,January,2017/18,Tax
2018-02-01,Penalties,61.0,February,2017/18,Tax
2018-03-01,Penalties,65.0,March,2017/18,Tax
2018-04-01,Penalties,33.0,April,2018/19,Tax
2018-05-01,Penalties,53.0,May,2018/19,Tax
2018-06-01,Penalties,47.0,June,2018/19,Tax
2018-07-01,Penalties,91.0,July,2018/19,Tax
2018-08-01,Penalties,91.0,August,2018/19,Tax
2018-09-01,Penalties,69.0,September,2018/19,Tax
2018-10-01,Penalties,73.0,October,2018/19,Tax
2018-11-01,Penalties,64.0,November,2018/19,Tax
2018-12-01,Penalties,49.0,December,2018/19,Tax
2019-01-01,Penalties,58.0,January,2018/19,Tax
2019-02-01,Penalties,68.0,February,2018/19,Tax
2019-03-01,Penalties,57.0,March,2018/19,Tax
2019-04-01,Penalties,29.0,April,2019/20,Tax
2019-05-01,Penalties,112.0,May,2019/20,Tax
2019-06-01,Penalties,60.0,June,2019/20,Tax
2019-07-01,Penalties,68.0,July,2019/20,Tax
2019-08-01,Penalties,70.0,August,2019/20,Tax
2019-09-01,Penalties,45.0,September,2019/20,Tax
2019-10-01,Penalties,38.0,October,2019/20,Tax
2019-11-01,Penalties,56.0,November,2019/20,Tax
2019-12-01,Penalties,33.0,December,2019/20,Tax
2020-01-01,Penalties,60.0,January,2019/20,Tax
2020-02-01,Penalties,52.0,February,2019/20,Tax
2020-03-01,Penalties,30.0,March,2019/20,Tax
2020-04-01,Penalties,30.0,April,2020/21,Tax
2020-05-01,Penalties,21.0,May,2020/21,Tax
2020-06-01,Penalties,48.0,June,2020/21,Tax
2020-07-01,Penalties,31.0,July,2020/21,Tax
2020-08-01,Penalties,31.0,August,2020/21,Tax
2020-09-01,Penalties,34.0,September,2020/21,Tax
2020-10-01,Penalties,35.0,October,2020/21,Tax
2020-11-01,Penalties,41.0,November,2020/21,Tax
2020-12-01,Penalties,36.0,December,2020/21,Tax
2021-01-01,Penalties,38.0,January,2020/21,Tax
2021-02-01,Penalties,54.0,February,2020/21,Tax
2021-03-01,Penalties,48.0,March,2020/21,Tax
2021-04-01,Penalties,39.0,April,2021/22,Tax
2021-05-01,Penalties,25.0,May,2021/22,Tax
2021-06-01,Penalties,43.0,June,2021/22,Tax
2021-07-01,Penalties,34.0,July,2021/22,Tax
2021-08-01,Penalties,59.0,August,2021/22,Tax
2021-09-01,Penalties,46.0,September,2021/22,Tax
2021-10-01,Penalties,69.0,October,2021/22,Tax
2021-11-01,Penalties,53.0,November,2021/22,Tax
2021-12-01,Penalties,51.0,December,2021/22,Tax
2022-01-01,Penalties,45.0,January,2021/22,Tax
2022-02-01,Penalties,52.0,February,2021/22,Tax
2022-03-01,Penalties,70.0,March,2021/22,Tax
2022-04-01,Penalties,55.0,April,2022/23,Tax
2022-05-01,Penalties,60.0,May,2022/23,Tax
2022-06-01,Penalties,51.0,June,2022/23,Tax
2022-07-01,Penalties,48.0,July,2022/23,Tax
2022-08-01,Penalties,84.0,August,2022/23,Tax
2022-09-01,Penalties,58.0,September,2022/23,Tax
2022-10-01,Penalties,54.0,October,2022/23,Tax
2022-11-01,Penalties,63.0,November,2022/23,Tax
2022-12-01,Penalties,57.0,December,2022/23,Tax
2023-01-01,Penalties,70.0,January,2022/23,Tax
2023-02-01,Penalties,89.0,February,2022/23,Tax
2023-03-01,Penalties,73.0,March,2022/23,Tax
2023-04-01,Penalties,99.0,April,2023/24,Tax
2023-05-01,Penalties,72.0,May,2023/24,Tax
2023-06-01,Penalties,111.0,June,2023/24,Tax
2023-07-01,Penalties,92.0,July,2023/24,Tax
2023-08-01,Penalties,146.0,August,2023/24,Tax
2023-09-01,Penalties,88.0,September,2023/24,Tax
2023-10-01,Penalties,96.0,October,2023/24,Tax
2023-11-01,Penalties,66.0,November,2023/24,Tax
2023-12-01,Penalties,74.0,December,2023/24,Tax
2024-01-01,Penalties,100.0,January,2023/24,Tax
2024-02-01,Penalties,123.0,February,2023/24,Tax
2024-03-01,Penalties,102.0,March,2023/24,Tax
2024-04-01,Penalties,79.0,April,2024/25,Tax
2024-05-01,Penalties,60.0,May,2024/25,Tax
2024-06-01,Penalties,63.0,June,2024/25,Tax
2024-07-01,Penalties,71.0,July,2024/25,Tax
2024-08-01,Penalties,86.0,August,2024/25,Tax
2024-09-01,Penalties,51.0,September,2024/25,Tax
2024-10-01,Penalties,56.0,October,2024/25,Tax
2024-11-01,Penalties,60.0,November,2024/25,Tax
2024-12-01,Penalties,52.0,December,2024/25,Tax
2025-01-01,Penalties,74.0,January,2024/25,Tax
2025-02-01,Penalties,76.0,February,2024/25,Tax
2025-03-01,Penalties,99.0,March,2024/25,Tax
2025-04-01,Penalties,82.0,April,2025/26,Tax
2025-05-01,Penalties,70.0,May,2025/26,Tax
2025-06-01,Penalties,83.0,June,2025/26,Tax
2025-07-01,Penalties,65.0,July,2025/26,Tax
2025-08-01,Penalties,85.0,August,2025/26,Tax
2025-09-01,Penalties,67.0,September,2025/26,Tax
2025-10-01,Penalties,76.0,October,2025/26,Tax
2025-11-01,Penalties,60.0,November,2025/26,Tax
2025-12-01,Penalties,72.0,December,2025/26,Tax
2026-01-01,Penalties,81.0,January,2025/26,Tax
2026-02-01,Penalties,92.0,February,2025/26,Tax
2026-03-01,Penalties,163.0,March,2025/26,Tax
2026-04-01,Penalties,27.0,April,2026/27,Tax
2026-05-01,Penalties,70.0,May,2026/27,Tax
2026-06-01,Penalties,109.0,June,2026/27,Tax
2026-07-01,Penalties,68.0,July,2026/27,Tax
2026-08-01,Penalties,100.0,August,2026/27,Tax
